PC1,PC2,Cluster,Churn
-0.10806660362573106,-0.6663665869658635,1,0
-0.4831159248625887,-1.033690295527984,3,0
-0.9659037438548701,0.07133630125564261,1,0
0.6316698012962947,0.002833487662473988,1,0
-1.4404572368406874,-1.599952040481117,1,0
1.8298636374530775,1.3774909839805372,2,0
-3.2850977108669297,0.635531243476,0,0
0.16448439039484342,-0.3449815669367817,1,0
0.9435124615049804,0.6962562222733524,2,0
1.6839927456300703,0.8867230046859031,2,0
-0.9137460325223932,-1.1767836477180034,1,0
-1.1779523317947698,-1.2901882037703174,1,0
-1.5178338622254488,-1.6539842544186147,1,0
0.34412328520605445,0.14461814543095391,1,0
1.5220595204897327,-0.903093538129597,3,0
0.872889665801228,0.12861968467742796,2,0
0.7937536807002088,-0.926865317660448,3,0
-0.47994808676446366,-1.0518907868028753,1,0
-2.9636325767497937,1.4042048796609303,0,0
-3.1983013045786044,0.7461222306082718,0,0
0.9722050766167787,-0.7788825300521425,3,0
-1.6154935536766493,2.1847391366945685,0,0
3.27159378544019,1.9769590707126423,2,0
-0.8065497967568018,-0.9019556845046639,1,0
1.1303249607074457,-0.22370513508323098,3,0
-3.4117270339626615,0.5980141964388209,0,1
-0.3436943928369205,-2.276656443802973,3,1
-0.8168053172062579,-2.504449381883888,3,1
1.0251277351060397,-1.2736910702065338,3,0
0.14269847728942947,-1.9280495593418514,3,1
2.373873156310143,1.857908120766469,2,0
-0.37012168425304776,-2.44209899201907,3,1
-2.6317520883730086,1.5453015268488501,0,1
-2.46319829057424,1.5460211104950687,0,0
-1.9211901553563726,2.6850298221577047,0,0
2.506291118324323,0.08284048773675518,2,1
-0.5924997526237411,-2.2888077626544465,3,0
0.6009542430267236,-1.5957306137860081,3,0
-0.9076970232731916,-1.7768551911203778,1,0
2.2022651790452112,0.3981343553574309,2,0
1.8711379600305154,-0.003908485621353319,2,0
1.5241256587335483,-0.5719051853470343,3,0
-3.3110227485922796,1.0797267808984112,0,0
0.8595594460166658,-1.4782747944703303,3,1
-1.1781787482750699,-1.0996098008795825,1,0
0.6126463025140516,-0.5579582326680232,1,1
-0.14681106905684482,0.18525537288307106,1,0
-3.229994666467436,0.9338950737108773,0,0
-0.5086508924384843,-1.8230828341100829,3,1
2.251031799949043,0.5654491013723626,2,0
-1.3450473098456228,-1.797535574759164,1,0
1.5697496244385671,-0.9574282686022255,3,1
2.2991442599542578,0.36967886121357013,2,0
1.052383423113313,-1.498032490180723,3,1
0.3252598547790575,-0.7971650608473291,1,0
-2.7078609545719146,1.7038368902437577,0,0
1.2657895739980647,0.9082383480861408,2,0
2.482215411338782,1.8851162411738076,2,0
-3.2180598387689527,0.9608775273881819,0,1
-2.217477500513227,1.97332041392725,0,0
0.5243405108915569,-1.773998020184717,3,1
2.5005636177223223,0.934091421409487,2,0
1.1182168146572264,-0.5348835396252984,3,1
0.9491934236421553,-1.4885627007702191,3,1
1.5473248017034893,-1.1875470122986034,3,1
0.5724709890965354,-0.7779934483751676,3,0
-2.0402051561059484,2.223984368408564,0,0
-0.004709558180953144,-1.8180567695504848,3,1
1.3544576962582033,-0.3961185812663258,2,0
2.5971987115197233,2.1210980654374474,2,0
-1.5796384332468612,2.4554444636136203,0,0
-0.3361558231296627,-2.188501415219384,3,1
-0.7661278653787356,-1.0824306135611865,1,0
-0.30139096548129535,-0.9794863758297261,1,0
1.12392553457264,0.3637638288029907,2,0
-0.5048531926154356,-0.57259523066216,1,0
-1.1153712967663378,-0.9143416672216256,1,1
0.17064112147807714,-2.073511179676662,3,1
-0.3080628142614217,-0.011710500949957126,1,0
1.0897072792987397,-0.4010734016651455,3,0
3.0572353781669737,1.0732781543131276,2,0
0.05880095846066913,-1.3369793121815001,3,0
0.8356872941478237,1.1520080397489405,2,0
1.5254611772332725,1.2145458436577363,2,0
-0.335069474811582,-0.03764035014943651,1,0
1.27381179567253,-0.4843411460397645,3,0
-1.4882657077623833,3.100077212904048,0,0
-0.05877662558335092,-0.5178394575364921,1,0
1.7846689735796593,1.1378916540636856,2,0
0.3365736752862564,0.486681325507403,1,0
1.484487683369814,0.6722813837470039,2,0
1.414633788267402,-1.1288274935794664,3,1
-0.37462709082045975,-2.09367724685485,3,1
-0.6040012271291,-1.8198145835905197,3,0
-3.2692518865460642,0.8865749744390508,0,0
2.529955985619463,1.7073643149959872,2,0
-1.0377141982475904,-0.9916361611305435,1,0
1.5588750791812636,-0.2008947558709946,2,0
-3.415398224904012,0.60198088460266,0,0
-3.235460268244068,0.4104989610468979,0,0
1.6010138515806152,0.5785004638048814,2,0
2.393056530550754,0.03804808976558072,2,1
-3.0615552616668675,0.8254622075640616,0,0
0.40076961747568957,-0.22175123235478866,1,0
-0.18952395616328913,-2.263013411283212,3,1
1.48255742801801,0.6097435267559304,2,0
2.363679206569782,0.5810993789910424,2,0
-2.2056691837910365,1.7728881606442652,0,0
1.338638077686643,1.2935575790172917,2,0
-1.2845003557460914,-1.603279329355504,1,0
-3.0588088226847225,1.6850250081083067,0,0
2.6394938842100686,0.025199536677491696,2,1
-2.852450759474834,0.8955956057446016,0,0
2.4837746632774396,0.8301914393356649,2,1
-0.7650098950057211,-2.081347246564011,3,0
-2.1670924247223886,2.459649917195706,0,0
2.115651958482837,1.8182105918365403,2,0
0.13682533572392697,-0.359198003634957,1,0
0.15445093719864883,-1.8911074799119076,3,1
1.2998416785616542,1.149935896038455,2,0
1.2431601055335113,1.2826781763665096,2,0
0.07249208098990362,-1.045055729672564,3,1
1.589980059046481,0.503918931376465,2,0
2.734210422906113,1.0963286770060106,2,0
-1.269413300390312,-1.3458544548239975,1,0
-2.519943332387753,1.9286197055876364,0,0
0.11694069202946789,-2.120409307305966,3,1
2.6550328544723643,0.5358588669805502,2,1
-3.2791149481943402,0.6345539040279476,0,0
2.745201035067511,1.1826184686447054,2,0
2.109801459154009,1.0837037545582167,2,0
1.8056779336486877,-0.3961376277922154,2,0
0.849803094933232,-0.21766565409043603,1,0
2.6450262685074883,1.0382307844776175,2,0
1.5434954327107904,-0.5902548672339846,3,0
-3.2207082096428032,0.4580441992087872,0,0
3.4134454492702964,1.4363163110639316,2,0
0.34807592116994707,-1.924034167940427,3,1
0.052563179219693806,-1.408172914738384,3,1
2.8784180292094756,1.0942876772830952,2,0
-1.337485577229931,2.8409669242419016,0,0
1.3348473087870494,-0.38622424036489444,2,0
-3.197217615382678,0.3667941149989891,0,0
0.3849970006459253,-0.8734652594194863,3,1
-1.6311296617445328,2.680174597731506,0,0
0.8713321358520008,-1.6499317185474334,3,1
-0.8443466578216159,-0.8621961745294318,1,0
-0.10761700096280397,-0.43719233009080805,1,0
2.306567206299548,0.9236216096321438,2,0
0.9532540189324326,0.7801162657886092,2,0
2.4515080873695965,0.07650575220018863,2,1
0.6049442669522018,0.9529577092351806,2,0
1.7226490881414611,0.4876544714915892,2,0
1.6316655623990903,-1.0565549055368146,3,1
-0.00502754772189104,-0.38231793951816695,1,1
0.27078394118606125,-0.3973396368588722,1,0
0.02731266242942404,0.21656114401957116,1,0
-0.826335893449442,-2.5035043531735175,3,1
1.571172078428218,0.37831318544827536,2,0
0.31052089075390427,0.6203399164625675,1,0
1.1528136020180932,1.2553575399096486,2,0
-3.2847269617217125,0.6327924845307134,0,0
0.530822898814119,0.7429750592478035,1,0
1.3258781757812497,-1.227880304921321,3,1
0.02357210087015732,-0.7795198559339316,1,0
-0.3338075525483108,-2.035648706067371,3,1
0.309953345663374,0.4714112530511751,1,0
-2.107519582200163,1.0280933749355214,0,0
-1.459928937764629,-2.0793244627411758,1,0
0.6023793748458823,-1.698208980663371,3,1
-0.6886818344449779,-1.4304127703221459,3,0
-2.6797276407612585,1.722386885431436,0,0
0.9782707627952283,-1.1550507056158261,3,0
2.3321567942569543,0.3144387049941546,2,0
1.4288642049825553,1.7092629751483923,2,0
-3.048929205044144,0.5064306867104561,0,0
-0.7537618298529347,-1.7766033903221745,3,0
1.0716092036071603,-1.1069055294439631,3,1
2.0670529186649955,1.3611700411501555,2,0
-3.2317890773027176,0.4065322728830589,0,0
-3.1006391857866995,0.9940958531783387,0,0
-3.416223335353046,0.602287866907298,0,1
-2.8770099856606746,1.7765103839524328,0,0
-1.9909804266524134,2.629048944204155,0,0
-3.385526039943232,0.6194776107681199,0,0
1.1199841866151843,-0.4798743627020218,3,0
-0.42525654839846355,-0.02645206388989324,1,0
2.066986235626725,0.8321661006267242,2,0
-1.5024588998416555,-2.102565729158817,1,0
-0.7010158280048557,-2.608930970735078,3,0
-1.0114808415286418,-2.251514201191652,1,1
1.4541693958606527,1.7009468336959224,2,0
-1.179310268402146,-1.122255308606401,1,0
-3.400567938210656,0.6232850309900182,0,1
-2.2667183673168934,2.340618188914095,0,0
-1.154768539351722,-1.4638349757159326,1,1
0.7459977820148243,0.6772239463250713,2,0
-0.17848263574810608,-2.0499433210381177,3,0
1.708341340914563,1.2655287613471797,2,0
3.326616450429754,2.0488193556347927,2,0
2.6046722408498733,1.4584228290690446,2,0
-1.9494175340191402,2.683083498072045,0,0
2.6851775402184845,2.111328372195741,2,0
-2.340675281210839,1.7987371040070983,0,0
0.8251233518291654,1.4994645750639346,2,0
2.5640509713354587,1.2217122196226609,2,0
-0.8098336844687739,-2.50964399926628,3,0
0.4123002656328913,-1.8474610203810846,3,0
-0.8997500917453316,-1.1501890472177023,1,1
2.884557532202988,0.9588375900532788,2,0
-0.17285814685656653,-2.0838666228128426,3,1
0.12963898075664787,-0.3725072486967528,1,0
0.4454514157905363,-0.0882743230183683,3,0
2.8542857648289055,1.125723351086454,2,1
1.4937036164805546,0.8997241716165955,2,0
-0.405873776919212,-2.429309524147201,3,1
2.4362666645055215,0.2666685765802692,2,1
-3.0155190041081457,1.3280626398327904,0,0
0.9781172415420871,-0.9084556079280794,3,1
-0.06925649933051045,-2.0254364205433975,3,1
1.1023571057799353,1.2997584749671618,2,0
-3.155984189794044,1.1559630148526923,0,0
-1.7883510998338148,-1.7786273936258585,1,1
-3.007248658170256,0.8107207185489953,0,0
2.307273154033508,1.4712859099603945,2,0
0.6478962581042373,-1.1042778220518448,3,0
-0.1516111243437897,-1.5137300873463329,3,1
0.6057955587009762,1.132154350530262,2,0
0.5286327027766431,-0.31297581159607846,1,1
0.09762519262548264,-2.202284337725776,3,1
2.2079909746536805,0.21294346926829857,2,0
-0.5908392655193835,-2.3367178377515696,3,1
-0.15373089738506518,-1.9358966904838317,3,1
0.8131832042652547,-0.7769470246555414,3,1
-1.0692272679008876,-0.9046228398895015,1,0
-0.8099138363997753,-1.702681600707001,1,1
2.535958824113308,1.6999818528118853,2,0
0.6561906645551012,0.009382564463500331,1,0
0.38985853900479356,-0.2906741928571802,3,0
-0.24054401910497789,-1.2445892810121173,1,0
0.9109100928174869,0.33955600996763785,2,0
0.24877452988370385,-2.0285046218660305,3,1
-2.7919056914588922,1.6606447684944357,0,0
0.6526556032519839,-1.8173768012181906,3,1
2.5712978210694466,0.4030561186163897,2,0
-0.8457054107590609,-2.3211349844250293,3,0
1.8788157737207831,0.8170917254864616,2,0
-2.4223735145423606,1.8019116941041982,0,0
-0.15744905003784965,-2.2643209586337676,3,0
1.2949101253978879,-1.0465889359271618,3,0
0.6188046175458353,-0.41414146764937787,3,0
-1.8807605173502402,2.838841086588495,0,0
-1.3051653185241139,-1.7506178627881843,1,1
1.301977904613099,-0.4228162152438033,3,1
-1.2021053309876286,-1.9805088670468953,1,0
1.8586526175808034,1.686572044380899,2,0
1.8509650851045707,2.0249677126720798,2,0
-1.0168187739990642,-2.1596223994490336,1,0
1.1221189452253026,0.835177100835746,2,0
1.4205724561135917,1.8302419181224432,2,0
-1.4554311687053894,3.163166477002296,0,0
0.4789611285218996,0.32025254813623527,1,0
-0.9895046628617865,-0.3538766115180745,1,0
0.5662895116097537,0.8833455051908472,1,0
1.7274683465128313,0.07484942144957302,2,0
0.5021360752635013,-0.10586204742176386,1,0
-2.8878836528815977,1.2076902496460113,0,0
2.840229477774657,0.26793805245109614,2,0
0.24839536246469873,-1.8902565299320353,3,1
-2.693071204745579,1.4150641871792085,0,0
-2.5276479915524734,2.15523668168897,0,0
-0.16389748606854113,-2.289179444908463,3,1
2.2992422476746146,0.25704931791775926,2,1
-0.4472764630379776,-2.4028734609208833,3,1
-1.3772714132279766,-2.2645751257630575,1,1
-3.059325154031374,0.7147702880911407,0,0
1.6039291924190846,-0.7623710098643064,3,1
-3.1046221643539105,1.2226420075624425,0,0
2.1089172127268814,2.1154321318581477,2,0
1.3164109535307835,-0.9947927006099639,3,1
1.2443675392620552,-0.3476748778638068,2,0
1.7205753631589176,1.4556849913305765,2,0
-0.461741181344357,-2.4873976873521864,3,1
-3.4158525862078286,0.5995491079620116,0,0
1.946974727910541,0.8419912863126211,2,0
-3.354546177308958,0.6652840723668851,0,0
0.4194547448110703,-0.1915974153614941,1,0
3.0648880888112764,0.7665924287374863,2,1
2.455286034898185,2.145901080735287,2,0
1.0019817862989053,0.9271826814395157,2,0
-3.4228242189453133,0.6047437253444028,0,0
1.0646292807723496,-1.338909852273607,3,1
0.2650165535898055,0.25140968607910164,1,0
-1.5952099811026785,-2.1763329789909402,1,1
-3.4022319432493116,0.8543799857023262,0,0
-0.5642371682951979,-1.6130651249643446,1,0
-0.8147843471629741,-2.5078021054384516,3,1
-0.1851411514862526,-1.9819202132929308,3,1
0.29167514069829065,-0.6697420386623048,1,0
3.2955191761519034,1.2766612520038856,2,0
-0.7760326174314645,-1.4534919344158743,1,0
-3.3661827626245464,0.6410836472124852,0,0
-1.8587286129937899,-1.7228344236742565,1,0
-0.24711191379991576,-2.1655709171169875,3,0
0.0180758901737732,-2.04388503276508,3,0
0.8640263048792267,0.6379857620862643,2,0
-0.6143073521822235,-0.4887237310970136,1,0
1.9196913944028935,-0.09634151346976255,2,0
-0.6925629392818244,-0.8265058322961567,1,0
2.153647972450198,-0.31354853184981746,2,0
-0.7892383967210386,-1.2911097599697452,1,1
3.2010507768812806,1.7384890860506863,2,0
-0.6059327552786855,-1.0861998781832767,1,0
1.4122765663985997,0.6483991471980529,2,0
-0.45180707542180626,-1.9527641728510556,3,1
0.8524760198387482,0.3115449729065547,1,0
-0.23769956739824613,-0.6197701635822619,1,0
0.6172505120743801,-1.4853685603889382,3,1
-0.6954643956426738,-1.7028135053307871,1,1
1.425796596159768,-0.22713266246889252,2,0
0.9706533851554799,0.9542141560109342,2,0
-1.2436348040779543,-1.5949342182528572,1,0
-1.3351230878852334,-1.4386542839667913,1,0
0.09163930642213097,-1.6704033621753591,3,1
-0.006610728386619608,-1.8872353529690484,3,0
-0.20688229435214195,-1.4446134767352268,1,0
2.946501389706464,1.394883063089318,2,0
-1.4180599465619315,2.9288787188461676,0,0
-0.5581472565529084,-0.8007761179465844,1,0
-2.7958480704044386,1.689331226585356,0,0
0.3336338085518307,-0.1508522953822422,1,0
-1.3514020088957586,-1.5004445474494366,1,0
-1.677816942952616,-1.9101869404855976,1,0
1.0352991602318524,0.3817485054003613,2,0
-0.5264285764879382,-1.655385531177837,3,1
1.672242252457797,1.9464520266743424,2,0
1.7372817166275183,-1.034038520670923,3,1
-0.613255911743321,-1.4547828118501354,1,0
0.16125468823677064,-1.9161682617809446,3,1
2.2123072475877765,1.1663317977229053,2,0
0.07786876754716329,0.963274780357565,1,0
-1.5128785058198897,-2.057347457876822,1,0
3.2134232385937644,1.1415376657316458,2,0
-0.20079046578456644,-0.7263878561082093,1,0
-1.6729758062273312,-1.5589217596424618,1,0
2.5188169054561436,0.8577248127631691,2,0
-2.828803850969804,1.7300587434312777,0,0
0.9787428239777707,-0.6436706793239177,3,0
-1.545692519175239,2.532669391249816,0,0
-2.996316143862616,1.4505306690231325,0,0
-1.542383393551902,-2.1076654487507076,1,1
1.9268418094248079,1.224235559785281,2,0
-0.12132639021717893,-2.0436576002344395,3,1
-0.20490196561146018,-0.5015365126660459,1,0
-2.6817288785492823,1.4036731659771056,0,0
-0.7479417053745356,-1.4220312011875615,1,0
-1.1616529732634895,-1.347305098647453,1,1
-1.3498247569844242,-1.012035204864987,1,1
-0.5019701559340702,-0.0235968713137103,1,0
1.384271891841503,1.6619460109402848,2,0
1.6168693474252385,1.5429237664952953,2,1
2.489486465443038,1.9164014725905165,2,0
-1.4499215436409008,-1.3061446451320082,1,1
-0.2039301355440248,-0.12021900119825435,1,0
0.94905588890331,-1.6431317370289473,3,1
0.7774727210924761,-0.5883835588412006,3,0
1.1763995529613165,1.1778538683926412,2,0
2.1126880790036657,-0.3309245654197832,2,0
-1.1618089113895447,-1.990245427533478,1,1
-0.20069095062300485,-0.1904016382218775,1,0
-3.022240363205676,1.2162635144360108,0,0
2.212974904548631,-0.4295789365982402,2,1
-0.4097709190520465,-0.5983793767078143,1,0
0.760798400800146,-0.7872337810556458,3,0
2.6808911461012896,2.055936243367952,2,0
1.9495670238712302,0.31723919989899024,2,0
-1.4046886591884353,2.9409138070125236,0,0
-1.006644599254603,-2.3092836706724693,3,1
1.5326893014196696,1.4308270311618296,2,0
-0.5172429607570445,-0.7320013404658408,1,0
0.16689065379358115,-1.6416470980060176,3,1
0.6445167509541567,-0.20043450154400944,1,0
-3.209241996586868,0.4290114916502403,0,0
2.3920113308729842,0.1121722437308102,2,1
-0.07000420625786234,-0.2027525581773426,1,0
-2.59588798999062,1.9727406248088664,0,0
1.7044201152639156,1.8505808802426507,2,0
-0.30271234968918537,-1.0211981943699984,1,0
-2.863688247644651,1.5933871892145945,0,0
-2.799846930430769,1.7931629468696277,0,0
0.16186590951866853,-1.011229344055193,3,0
0.9781600682976967,0.7118973719507578,2,0
3.006327515198441,0.9118018748593921,2,0
1.600230229345513,-0.9544262264507823,3,1
1.1391234030002613,0.8243552652701804,2,1
1.8533102316313441,1.8362630442258954,2,0
0.8653096785134,-1.0864969501855102,3,1
-0.9053127346298315,-1.9177171123088812,3,0
-1.6265072939847565,-1.509071065908649,1,1
-2.5834033957235394,1.744430902934897,0,0
-0.32194235149345096,-0.7422246863758164,1,0
0.11279371480525624,-2.1775686246717916,3,1
-3.0072892850905437,1.3020946181436053,0,0
-0.11403433438943554,-0.8914616757291247,1,0
1.5382951929770459,0.407437039389547,2,0
2.509190509538497,0.16375652073694438,2,0
-1.767110573194514,2.4243788604754144,0,0
1.3405022548951482,0.8381503877638403,2,1
-1.7061656912816645,2.047969595866554,0,0
-0.8665656912390167,-0.6816036150165463,1,0
-0.6841723537117326,-1.9868258711653157,3,1
-0.8449159499782513,-1.974005160059351,3,0
2.197398934448635,1.662274395999602,2,0
-0.8170121595514603,-0.2917835375658555,1,0
2.55230678039219,0.194746416511215,2,1
-1.1597982225660441,-1.8828323249134808,1,1
-1.916417241461999,2.2167836055540917,0,0
-0.06034661202570657,-0.3082702397175583,1,0
1.0842891107957016,-0.458898322908747,3,0
0.3983589319811605,-1.6509974355335,3,0
1.7378255541606202,-0.1496895985809017,2,0
-1.1127050999963395,-1.6541678678002099,1,0
-3.2467166062371198,0.8837599896042296,0,0
0.5553108780767411,0.2591464942307389,1,0
0.4129830478575847,-1.8338883995402286,3,1
1.8324927632336039,0.4162949637370445,2,0
-0.899635899734357,-1.9792598294277275,3,1
-1.3244030279887824,-1.8925212813446202,1,0
0.7109227772677622,-0.8516746240244222,3,0
0.8151802572006841,0.5049968762376424,1,0
2.86904004655373,0.792925458441555,2,0
-2.534991838815103,1.9043111252983682,0,0
-2.4641204501986653,2.3314372036308573,0,0
1.755223365126045,2.0258752369239375,2,0
0.39155274565369996,0.0888816668859943,1,0
1.7122637741476479,1.6930609586095497,2,0
1.0318368109035558,-1.3002828001089282,3,0
-2.0359771523891155,2.7636707305957184,0,0
0.2330041970799296,0.3270017875941932,1,0
-3.108140200573891,0.992582985526608,0,0
-2.109618130021575,2.6994152096667925,0,0
1.741838086142675,1.3506573737579488,2,0
3.442575915797681,1.1653935737698138,2,0
0.02187804070986557,0.3179866169633744,1,0
0.2116766267418586,-1.0546809245909603,3,1
-1.1090997424405626,-2.1531310196528093,3,1
2.3335854433502736,0.17298016639061534,2,1
-1.0581326178459298,-1.5293071994483507,1,0
-2.9966843133441246,1.0062208393705112,0,0
0.7200343366720878,-1.1656100795238522,3,1
0.17430036218419154,-1.0766864821215354,3,0
-1.3056440443217625,-1.7362461712590982,1,0
0.9990969240716752,0.9448587090889313,2,0
2.681512463240402,2.0454259608775605,2,0
-2.1833914844746163,2.147086068944474,0,0
-0.8213852307552412,-2.505346247001346,3,1
-0.04355698988970838,-0.183421206381857,1,0
0.6086002538643858,-0.9816986926059545,3,0
1.7286545293316293,-0.38494230207550517,2,0
-0.2241660400249033,-1.317709416638089,3,0
1.8533098882116696,-0.7550222525178978,3,1
0.7009031140015332,-0.016056415174405536,1,0
-2.722777944233441,1.789943016913114,0,0
3.0097792616012424,0.9407376741215995,2,0
-0.13350861343249482,-2.209138174620956,3,1
1.978348722311006,-0.0819751203054549,2,0
0.34438938989021833,-0.5069315408884612,3,1
1.3389017800897864,0.8554235679910671,2,0
-3.016096966085876,1.1280801148587685,0,0
-0.6227076173996829,-1.103619422736813,1,0
0.26540867137179297,-0.17829417431787387,1,1
-2.959344850660164,0.9386410809175256,0,0
1.199637915755376,-0.9010075624108882,3,1
-0.7881210448554541,-0.11645510738318976,1,1
-1.2165814182465444,-0.6303440556231261,1,0
-0.23768045996458045,-2.1697840163188244,3,0
2.646295437795582,0.7198086908168875,2,1
-3.2278591839902275,0.43332708674749304,0,0
-1.8325014400163304,3.0846528641513,0,0
1.3435871729767876,-0.5905450459600419,3,0
-1.540707160907253,-2.079232848300058,1,1
-0.7468758745214339,-2.1152794712664456,3,0
-0.1289215826636128,-1.9670654907538234,3,1
1.6807619920460095,1.2505707917927578,2,0
0.107007817260594,-1.5402237247347073,3,1
0.9894512438557324,-1.0195652765059604,3,1
2.7146244785189193,1.944303314634749,2,0
1.3683589784148393,-0.9342597357226037,3,1
-1.417852121042088,-2.1209756891824005,1,1
-1.050640782569785,-0.9131723540281305,1,0
0.49551402495147406,-0.3295158086255494,1,0
2.9468094638359736,1.0766658443151753,2,0
-3.138678732698756,0.630824058131322,0,0
0.6776974998672489,-0.025730464945846465,1,1
3.185644324931032,1.3558326296456142,2,0
-0.7333379544570493,-1.7563465587759806,1,1
-1.0052507070815915,-2.25123130068347,1,0
-0.9901941316087606,-1.8056023394350273,1,0
-2.5316114006783956,1.684453194808434,0,0
-0.8416935084813248,-1.0669055184348475,1,1
-0.012848082134181704,-0.3365919461574485,1,0
1.7279190982321513,1.0984872538563506,2,0
-2.981680670156336,1.6078778959651538,0,0
0.04071310127513797,-1.5218367154137415,3,1
1.881441300608339,1.615528121166987,2,0
1.8718805400602625,0.7242923199248437,2,0
0.6683056916717633,0.40336558977972736,2,0
1.9972827920284237,1.3240165370287449,2,0
0.9892478155400732,-0.6292802944358473,3,1
-1.4138816915556418,3.142806708108873,0,0
-1.0549361978119691,-1.7892278603349425,1,1
0.229982660759241,-1.7630384673396187,3,1
-2.2058670908335984,2.3089701765983834,0,0
1.317976267182245,1.658640872214797,2,0
2.7124197842112663,0.4476475224189253,2,1
0.6074013013434072,0.2988231786420145,1,0
-2.740115281515861,1.0203373692483464,0,1
-0.8732307342193804,-1.2824869765261415,1,0
-2.3571787646811457,1.7584095996374352,0,0
-2.8032970560439794,1.691026518481807,0,0
-0.12328361598146727,-2.182717107278421,3,0
1.2983305943251549,0.2922132413629032,2,0
1.0427428270519488,1.872454835759392,2,0
1.7208497662540627,-0.6720519207361926,3,0
-2.9554541475217175,1.3709693072622793,0,0
0.4181713354630156,-2.2695600123983075,3,1
1.2918508247024068,1.4590435615637134,2,0
1.9795689021356762,-0.22195208417731738,2,1
0.1043387858636502,-2.004181335271359,3,1
0.1837352438686985,-1.5210182686094715,3,1
-0.7275003222384557,-1.921758517850493,1,0
-2.4814008460800667,2.3180432852554596,0,0
-0.3319400971812867,-2.140618525697535,3,1
0.7985139484983548,-0.17378404838497408,3,0
2.764798667807417,0.984367120367864,2,0
1.6061884344913688,0.4481600747125883,2,0
-0.34453747787663097,-2.0891494758654545,3,1
-3.0753282169325495,1.2583657777680282,0,0
-1.3992861132333323,2.9669902551071674,0,0
-0.6969264846688248,-0.791517889923651,1,0
2.038878899125877,-0.5288033697863647,2,1
1.0742461410152175,1.0081707537672373,2,0
-2.706000659170835,1.5113872800816976,0,0
-1.3456016292689255,-1.2943667008242323,1,0
-1.1706088933665528,2.987298776369596,0,0
-2.9134646973036253,1.1468375002748659,0,0
-3.078623159308908,0.6679528616113208,0,0
1.960778158372307,0.5043438939399992,2,0
1.3835894853416468,-0.6905253758693188,3,1
3.363705333997581,2.0586948627207007,2,0
-2.386852775927648,2.10235585480459,0,0
-1.693585038556372,2.8647273676589364,0,0
3.1114411878936488,1.1222363232534427,2,0
-0.5520845701361945,-1.6839217348922213,1,0
0.971522379767523,-1.3630779421573866,3,1
2.7960488332555538,1.65616093243101,2,0
-0.33725746967540104,-1.8983320040460259,3,0
1.449543844528918,-0.18953653667186388,2,0
0.7002522182320867,-0.23669533821950983,1,1
-2.8809442710282416,1.8142541254091484,0,0
0.3469305492142483,-0.16221355306373364,1,0
3.0429635975027196,0.7336096407988004,2,0
-0.5103236288497772,-1.1308286123750584,1,0
-0.5889507595018606,-2.272750483364401,3,0
3.5965015225834427,1.933454338233791,2,0
2.4641043090613524,2.2724250476689787,2,0
3.078893790180762,0.7730434616471875,2,1
2.4877358060416315,0.41609115361119997,2,0
0.60388927257004,0.5820793877372173,1,0
2.0222357956230526,1.610908521888355,2,0
-0.5411888022222661,-1.244569251674694,1,0
-0.6065532249358074,-2.142873248130998,3,1
0.3624769131168987,-1.6514526027058676,3,1
0.8797267393383392,-0.08199546267251412,1,0
2.3896628364703254,0.5306132596488902,2,0
2.7347609370353987,0.822585994711752,2,0
-0.42605576205370144,-0.05936116112533102,1,0
1.9619451319534031,-0.15387798023766242,2,0
2.090201539013957,0.49799720436066247,2,0
1.4644608840223818,-0.6229403062490182,3,1
0.6484034271048431,1.0868035836330436,1,0
1.757407898228792,-0.2378745922796187,2,0
-2.5205576776525747,1.7177130946063632,0,0
3.548269332423886,2.0177100299906274,2,0
-0.388032325043659,-2.576223178666833,3,1
0.29156529635091616,-1.8806078192491082,3,1
1.426918970584507,1.691922064787761,2,0
-2.6267295527947536,1.903202640181993,0,0
1.6005586475904212,0.6692000120586082,2,0
2.1292895226466593,1.4051600291572524,2,0
-3.2861701930904235,0.6345779858244041,0,0
0.6045687175062502,0.29588507664320807,1,1
-1.253896490669733,-2.0696972046572846,1,1
1.308340916722276,-0.8395261140915453,3,0
1.094895488282811,-1.0709458575362663,3,1
-0.10251357461069766,-0.2570029954596612,1,0
2.4627931174889963,0.2474343429359175,2,0
-1.1230833095258945,-1.7038017562745058,1,0
-2.1280522074945076,2.4231259177845947,0,0
0.12564640184501952,-2.03713968870911,3,1
0.8207670714086401,-1.8570742925923043,3,0
-0.41011282273134536,-1.4695095714720694,1,1
2.706493296798008,0.3782172706354543,2,0
-0.9238087927017855,-1.4987653429881627,1,0
-0.0001539354336590748,-2.0614404857287933,3,1
-0.16483786841747,-2.247703796733523,3,0
1.3398370603183976,-0.8550925660721975,3,0
-1.3645240073472589,-2.2719186192779164,1,1
0.3233921617207239,0.5954572111170738,1,0
-1.2858884658874157,-1.2198523083874269,1,0
-0.23378348819991113,-2.1570692784754577,3,1
1.1845596968759946,0.12309583080550596,2,0
-1.102384083636496,-1.699511883178155,1,1
1.7225015514917525,0.19222430540461433,2,1
-2.550514551893136,2.338123921324323,0,0
-1.2337376014035994,-1.9850546421113793,1,1
-0.3669534811388593,-0.8876445291032178,1,0
1.013968927654826,-1.7141563083303948,3,1
2.418683550650963,-0.1122581510996764,2,0
-0.40074573020002935,-2.3487571310519044,3,0
-0.26603622351731243,0.16942758581630135,1,0
0.07587210231846075,0.03580807288894011,1,0
-0.41919246034243546,-0.597112444430325,1,0
-2.0088067889969405,2.441359905581499,0,0
0.4085301305134638,-1.7262367953524438,3,1
-0.6626126248968791,-0.6626215899281998,1,0
-0.1246448898009409,-0.25460025549092247,1,0
2.6646239055408985,1.7039399669681914,2,0
-0.26030025651449085,0.46657247700901777,1,0
2.218923351586761,1.0644208453418695,2,0
3.1984490501032683,1.212724113900446,2,0
-1.400029069686201,-2.0553344929987016,1,1
2.5101675786598023,0.22855549493963212,2,1
-2.002562044146204,2.069297532491225,0,0
-0.9291617857806185,-2.3446129432085705,3,0
-0.4581224534861773,-1.3688495866858457,1,1
2.693133459520404,0.8107120119757079,2,1
-1.0860568658468508,-2.0340160159603,1,1
1.6622764849043337,0.6677588835694985,2,0
0.3004154370925245,0.17602988394501198,1,0
-0.4831099767200161,-1.5200162035547262,1,0
0.5141272232983936,-1.4233037785144442,3,1
-1.830438727757258,2.1431664674030193,0,0
-0.8061235711579282,-1.7002663355216294,1,1
1.0232766305238856,1.2329651572106708,2,0
-1.6107799381125372,-1.2824516823488634,1,1
2.3934554622488484,0.8455029387520965,2,0
1.880271466214886,1.1723088326125013,2,0
-2.9913173771083934,1.3750613861527512,0,0
-0.9439819653763346,-2.0792538463600225,1,0
1.8726218674362765,0.5812228911444179,2,0
1.9256445493940555,-0.1880638307267748,2,0
2.8256084471639897,0.903326450014624,2,0
-2.818798960364035,1.772593851533971,0,0
1.2626048935092449,-0.017927700267887314,2,0
1.600231898785635,-0.5332454563047918,2,0
0.4927913559706591,-2.031891380763529,3,1
-3.284204620431058,0.7777872231967082,0,0
0.8153431932395283,0.008766840854885938,1,1
3.791916000585574,2.166399923271753,2,0
0.5306294437685142,0.9204503174431926,1,0
1.3823867644680756,0.8040084311304594,2,0
-1.5023396130034743,-1.0264372793520258,1,1
-1.3805184028348307,-1.8711694154478586,1,0
-1.8326487853018893,2.6200836600895974,0,0
0.9205405526983841,-0.21974782046892727,3,0
2.6635431801898313,1.1066911026182282,2,1
-0.4855152434885109,-1.8415021467778872,3,1
0.7039652664752667,-0.9192857723721852,3,0
1.7646122893101641,1.020354886915428,2,0
2.859833529688471,1.0217945772425,2,0
0.991344800645805,0.5255818002286684,2,0
0.8158097059234306,0.05439005815828474,1,0
0.4570853270282525,-0.5539347827371457,3,0
2.6837177389229128,0.2561157695061198,2,0
0.7432353247984922,1.7221339164151275,2,0
-0.35243481424776874,-1.4750717535408413,3,0
1.1048705195389006,1.2195409490122402,2,0
-2.9600369324946443,1.6887294166497626,0,0
1.0473911377302099,1.5282909844719892,2,0
-0.18428140191206765,-2.1765471773510807,3,1
3.379388698042506,2.0780825172173936,2,0
-2.753588670726639,1.635418792223617,0,0
-3.2567661300430513,1.119201062576249,0,0
0.3516831183338664,-1.6636698721836096,3,1
0.9514176446160549,0.316453453547001,2,0
-1.3054475900092473,2.841357704622774,0,0
1.7930742203042376,-0.3020141495400066,2,0
-0.3990498563531185,-0.5419547791735819,1,0
-0.9009243955548167,-0.7796293190371844,1,0
-0.43301444673244227,-1.231346178967476,1,1
-2.652004738593861,1.8703783368260576,0,0
0.21105692231101275,-1.5011298347309099,3,0
-2.4814857759185456,1.9031860823185207,0,0
0.013584547499807947,-2.0653317096051262,3,0
0.8182643861539483,0.10869151417904643,2,0
-0.7182056140377588,-2.02455460945567,3,1
-0.3045666619668346,-0.3582784483909267,1,0
0.35317500723331735,-1.832140225258475,3,1
1.8685165552284742,0.10846358684608087,2,0
2.508218916440051,0.16655537405992765,2,0
-0.7154898170734336,-0.3313371439688959,1,0
2.7522879976936534,0.6740671214623788,2,0
-0.2189920792347067,-1.534652198983323,1,0
1.6239635186262467,-0.34373688906070354,2,0
1.5865512715762708,1.3064729194747577,2,0
2.1922496444479718,0.33174774541971286,2,0
1.5842416431192654,1.377239571430212,2,1
-2.8028866010556572,1.8978847752909735,0,0
-0.7395179686702142,-1.0905651084399404,1,0
0.17937522746568257,-1.507725536366787,3,0
-0.7805887281702608,-1.028611744838915,1,0
3.022353731251148,0.5103023041539023,2,1
0.626294016265392,-0.8550392226621906,3,0
-0.8262251211089424,-0.7380760924896124,1,0
-2.7911856749578017,1.45502617460308,0,0
-1.2778172827610672,-1.824749881576173,1,1
2.3341923083785683,1.24761328250047,2,0
0.7259918823294056,1.2943089176253628,2,0
-0.01007894027352324,0.02194868945956424,1,0
1.1343496767568664,1.6495644359827297,2,0
-2.7143904011681825,1.8876466875960438,0,0
-0.35545137795205306,-1.6561289112804947,3,0
-1.503673270598435,-1.3629849647242829,1,0
-2.969701969259629,0.7075513447982508,0,0
0.029596492755479514,-1.2435894332870443,3,0
-2.9780425453384853,1.6927349986425448,0,0
-0.7737388760555812,-2.0831132460686,3,0
0.9645814400871009,-1.1785165206641741,3,0
1.6577317764258335,1.970877193461886,2,0
-0.44948443841707425,-1.4729716285801178,3,1
-1.084718841211706,-0.9387725824929991,1,0
-1.2135299392713477,-1.6444046167927413,1,0
-1.1867238333287453,-1.9864135033813801,1,1
0.6309338207775568,-1.7108942255182196,3,1
2.0260805367185206,0.6826674795171352,2,0
3.386080355530543,1.6471575756511454,2,0
2.72323639972058,0.870386793831869,2,1
-0.3346320056570343,-2.4314653660409116,3,1
0.22671395040640746,-0.4286257011856117,1,0
-3.241597645098143,1.143310153294757,0,0
2.799267517630913,0.5775479592178547,2,1
0.11378946526579681,-2.2161001919325933,3,1
-0.5197068500417146,-0.44166445467508575,1,0
1.4619493896160998,0.9868941322591804,2,0
-0.21625641306489696,-1.5608228801663826,1,1
0.6639173071734394,-1.3024024687931166,3,0
-0.6886323621877153,-2.358844833465085,3,0
-0.5335169673777025,0.15579640793759628,1,0
-0.6598480885140413,-2.201851004124883,3,1
-0.8102044336139906,-2.506905240320993,3,1
-1.3802429460156964,-1.700372484892781,1,0
2.264644408102182,0.5593926929109343,2,1
-1.244660765390601,-1.5707391059888243,1,0
2.795647516276943,2.1583797647488323,2,0
-0.27175787476474866,-0.9513957239650959,1,0
2.870555889411765,1.1408487525574722,2,0
-1.8022452946383436,2.316757801472691,0,0
0.24855707577620073,-1.4986437810843516,3,1
1.0883331054269405,1.6353586287546173,2,0
2.1426124527675303,-0.3420875035233032,2,0
-0.30107726585725214,-0.4627826867868303,1,0
3.251437357904947,1.9389737939493774,2,0
0.5424383047663759,-0.3641675437449259,1,0
0.6650320579728142,-1.7023594724333788,3,1
-3.043142243465438,1.6080613293184622,0,0
1.7232063573636462,0.32364287453663015,2,0
1.8521145077241432,-0.01901592266621016,2,0
0.05493098311389438,0.01769079356409986,1,1
0.773792347992708,0.49049378807107813,2,0
1.9003344108828084,-0.15129253855499958,2,0
-0.07849880021498212,-1.3053017977918282,1,0
-2.916188544974268,1.367230290328584,0,0
-3.0105760468638816,0.919752823777421,0,0
0.6189423339568161,-0.3074594065619908,1,0
0.9929673875072844,-0.7959739361570186,3,0
0.8148433983777608,-0.7411207669931372,3,0
-0.6486685269544742,-2.2455126101518257,3,1
-2.5055837542550923,1.9616674090465844,0,0
1.1922753747510442,-0.19625826466383534,3,0
-1.4189636901491138,3.1746233822460868,0,0
-3.268119250090693,0.6234233814669115,0,0
-1.6976195937294178,-1.902819365174283,1,1
2.4310453821494304,0.7028540247316362,2,0
-0.4678577052157641,-1.3910398970558695,1,0
-1.2138694945123338,-1.7473843257214823,1,1
-0.8222103412042749,-2.505039264696708,3,1
0.01934484758695787,-0.6349939469789498,1,0
1.1710763725896722,1.1228857118163096,2,0
3.694089353074044,2.084490363785348,2,0
1.3504058429554398,1.2946030519002558,2,0
3.440577174258544,1.447175743569779,2,1
-0.592027691920912,-0.43167051070417617,1,0
3.2276921530521165,1.2805244481595757,2,0
-1.4572243412698749,2.365871479596379,0,0
1.2227112660079047,-1.2433240871759847,3,1
-0.2738534528872391,-1.8753930386805024,3,0
1.696219938883389,-0.5637369313015973,3,1
0.5178322653851466,0.24147612790101913,1,0
0.2610305690411081,-1.74816784054975,3,1
-2.249199548476737,2.2816662834850208,0,0
-2.324739441383152,2.3788352605288683,0,0
-0.8172596785100743,-2.5068811585245365,3,1
2.2744386151394833,0.9552846735138938,2,0
-0.3811533061993097,-0.32843184406580983,1,0
0.4040952798994341,0.3860156747118455,1,0
0.6848764761532975,0.6123245625337261,1,0
-0.7944520379238955,-0.5094903778926142,1,0
0.14852970032449592,-0.7563079061353182,3,0
3.1712128919315083,2.2786640068459394,2,0
0.1519077105189649,0.9906027001527049,1,0
-3.3997211263723774,0.5961482208145357,0,1
0.8249464158615116,-1.06972023850572,3,1
-0.32717040933144936,-0.7958673535138536,1,1
-0.8821107077376571,-0.8167183659254602,1,0
-0.8991536000332021,-2.0237796827831875,1,0
2.6650683482670563,1.159566916207863,2,0
1.5378979074539636,0.711673238024749,2,0
1.393262143789372,-0.8844291242495759,3,1
-0.275853862329796,-0.22402815135293908,1,0
0.19312239566838685,-2.215524927567362,3,1
3.5638969971215895,1.8373258897811562,2,0
-3.3036783306673505,0.7284579139479488,0,0
3.342259153401775,1.2094947822454554,2,0
0.20122224997537203,0.31492287741377556,1,1
0.9471966477500118,-1.5999739618837823,3,0
-2.7176973130670645,1.6569574324531795,0,0
-0.08220470754947176,-2.2267641677322265,3,1
0.2641557167436835,-2.0493961496673903,3,0
-0.9974268758381246,-1.2253897046984379,1,0
2.586283245034882,0.9646667278597187,2,0
0.24889810908018783,-1.9283524371470968,3,0
-2.7230293382561865,0.2535689490934718,0,0
-2.420023812776111,2.170419077894247,0,0
2.328863653348044,0.23314872606283177,2,0
1.4098439002785108,0.12528472230098225,2,0
3.83630314859102,1.9557030748712863,2,0
-1.5948571656640025,-1.5098076256811985,1,1
-0.4050428261562573,-2.0618478772794777,3,0
2.2273984027405183,0.769996058872582,2,0
-2.753523308639753,1.3120240725739316,0,0
3.5805030062032923,2.133189739162776,2,0
-0.02528248356684973,-2.390257795284265,3,1
2.543118913544299,0.47845573203368774,2,1
2.061738871707513,1.5064510902527115,2,0
-0.6917767666381842,-2.237761930383866,3,1
-1.1504113259585076,-1.4975001305323647,1,0
-0.1670936276207748,-0.5747716906991018,1,0
2.29719568664218,1.9612036083749826,2,0
-1.9810177140048557,2.813192543349315,0,0
-3.249025698288198,1.018729798575022,0,0
-1.753262517863638,2.8150257824957654,0,0
2.8787610748398427,0.6072273763652658,2,0
-0.5912515033757424,-2.2942121465987464,3,1
0.029396951647390507,-2.1294750323351455,3,1
-0.6608186406943836,-2.547967266432063,3,1
2.017630697450822,0.4530522479230206,2,0
2.228648293784653,0.7376043854563901,2,0
-0.19033832613636892,-1.92289505907569,3,1
-1.962054147642225,2.605399381233709,0,0
1.2863638403772175,0.40572847684750407,2,0
-0.9586624749782109,-0.43919394472314366,1,0
1.9990523034550451,0.10445373080769388,2,0
-0.2646182413994986,-0.7554595087486022,1,0
3.4049433829527174,2.2435053314766176,2,0
-1.2102740901183333,-0.6333679958270202,1,0
-3.1931424687368586,1.0022921922051053,0,0
0.2991403601089433,-0.6408561783988795,1,0
0.7469557747194646,0.6255391284403737,2,0
2.627832986319014,2.369971521817397,2,0
-3.0852256533322264,1.6687997575649587,0,0
0.01151617350685663,0.4280160089507055,1,0
-0.7007348228239894,-0.9037878199244143,1,0
-0.3092552746308639,-0.899021086323428,1,0
-2.5192487605283076,0.7804398676181323,0,0
0.9193401889298058,0.8500748109400864,2,0
2.018369271449508,0.06734603242293191,2,0
-0.8851267529476552,-1.9353168216128636,1,1
1.188117195329723,-0.5456828934475836,3,0
-0.891179375466501,-0.834006191934799,1,0
1.346613833009973,-0.4538352374735485,3,0
2.7866614257016757,0.3775707798258978,2,0
1.939877435313562,1.9342812424348899,2,0
-2.901306859270035,1.0246352081044559,0,0
1.528763703038777,0.09890717505462099,2,0
-0.025063187559950878,-0.8391462074583744,1,0
-1.2519094402823812,2.733935569601484,0,0
-2.5475099985473117,1.4611578307905975,0,0
0.6078984568692507,-1.3484694567879336,3,0
1.0689599132258085,-0.8835969205615153,3,1
1.2569403897027753,-0.5404293268808918,3,0
1.3202509610064814,-1.194813116470613,3,1
-1.0025986966865108,-1.7794435538548712,1,1
-2.466968723432023,0.5683076892637706,0,0
0.10601476550061023,0.763070790999862,1,0
-0.5637513554718476,-2.2398295403992297,3,1
2.036314012003787,0.34488751660046135,2,0
-3.181286763840187,1.5523392090408565,0,0
-0.7375882121948945,-2.092702271649018,3,1
1.223661386559627,-0.8187909754957281,3,1
0.4365959467210156,-1.1863512085817571,3,1
-2.501749530897435,1.9278410561300507,0,0
0.12878405991803443,-1.8134037159594192,3,1
-0.49329882053733587,-2.190414868613706,3,1
1.4557506741874984,1.9835378615965085,2,0
-0.20953302160158097,-0.406135064250559,1,0
-0.20772113613148957,-2.2637969482926064,3,0
-3.1489343614790513,0.49279011375081233,0,0
-0.12713701108116404,0.5890916383975413,1,0
3.1909069427282613,1.2486285215143922,2,0
-1.9037792978948629,2.6370038331187544,0,0
0.5317253674428823,0.310672230527571,1,0
1.6067277023102402,1.345404785715925,2,0
0.7740322670333712,0.4312276188852907,2,1
2.470815053939431,0.45155524438510053,2,1
-0.9251804522791305,-1.0442131587177814,1,0
0.6617895040512118,-0.04114353351537636,1,1
-1.4568438532407917,-2.1391323461391103,1,0
2.8655245690001925,1.6741921620293172,2,0
1.9692203890955715,0.5224297466574488,2,0
0.20784564080519774,-2.2638368768236203,3,1
-3.4112514591317553,0.8301458196034239,0,0
2.101019946701762,-0.10943121364680597,2,1
0.501017864987312,-1.8544289537427556,3,1
-1.60758663783818,-2.1717282444213684,1,0
-3.2404497985204697,1.164476464508648,0,0
0.6962706141119923,0.8730043142349142,1,0
-2.3522428648431126,2.149291296255803,0,0
1.6134888369254428,-0.38342838152383996,2,0
0.8484583571195408,-0.5222055342603867,3,1
2.650636917970534,0.6350340160335843,2,0
2.3712618039945523,0.20678297976684884,2,1
-0.01908328533143666,-2.288680098849956,3,1
-0.6456782651015975,-1.624817789449094,3,0
2.0183609004163103,-0.5171314670157824,2,0
0.43632644866554876,-1.5467245477512024,3,1
-2.804669029470024,1.7942798477956157,0,0
2.7641048487486692,1.643492397437671,2,0
-0.810658794917807,-2.5093370169616422,3,1
0.9011138192206205,1.6686292424706737,2,0
-0.37986496154111793,-0.8187829644999873,1,0
2.88956232645593,1.0575209798182508,2,0
1.5377811005851008,1.1310456449053867,2,0
0.5987927670525175,-1.2715587217498594,3,1
3.658288802408985,1.557287506632552,2,0
-2.255771433724749,1.8539685779132562,0,0
-0.3021196365551906,-2.527932073980799,3,1
-0.3614034427045958,-0.454509500693172,1,0
-2.586633721266217,1.9466913884020351,0,0
-2.1724758190839064,1.7006358361038347,0,0
-1.3388167221383844,-1.7846388743915054,1,1
-1.5246853588594558,2.8329233497874533,0,0
1.863626144862703,0.17479150968927168,2,1
3.128927871220595,2.141630376568964,2,0
-0.009210027873008453,-1.7011309747297745,3,1
-1.1319748862938404,-1.9035466635175384,1,0
2.854850848458885,1.4129114301787014,2,0
-2.1396260575104113,2.6616079500170686,0,0
2.238801745413975,0.6314910094844373,2,1
-1.5230866610674907,-2.094891171542864,1,0
1.9717249890917177,1.3197856765456526,2,0
-3.088859461782763,0.8981373187920489,0,0
-2.386425892063884,0.9326151832767177,0,0
-3.192419028455022,0.47298664291825415,0,0
0.18092153526227184,0.3076631518984998,1,0
2.469093050210691,1.6417020965444356,2,0
2.923819027326166,1.0860447689122381,2,1
0.9219601661016494,-1.5321004460897543,3,1
2.3091683184468534,1.4181454149753252,2,0
-0.7125673742913234,-2.604633218470144,3,1
2.4773704457685897,0.6923746788047529,2,0
1.3800864916654163,-0.16613254120535326,2,0
1.2855136672701162,-0.357537934205042,3,0
1.8771592881067398,0.5792596426061914,2,0
2.105750450206461,1.8897588200180782,2,0
3.6506934836257106,2.145021402867384,2,0
-1.103323969297329,-2.1552798957852755,3,0
-3.023397862260764,1.6453957622947188,0,0
1.9329534756358908,0.3105550146541757,2,1
0.15331844095644492,0.39814509816966426,1,0
-0.6847468347726058,-2.034402125000546,3,1
2.8153255975700637,1.0442246153455748,2,0
1.8301892597426992,-0.32985918074718035,2,0
-1.7982763433660636,-1.7728716637255364,1,1
-0.48981145724249825,-2.3896491400249875,3,1
0.6778382158381342,-1.8787983753197406,3,1
2.2856844093981254,0.0670720883841528,2,0
-0.06144442079712559,-1.4507049717279765,3,0
1.9864437884271282,0.21935371183971122,2,0
0.4860588725880339,-0.1844312157868393,1,0
-2.5850338912311757,1.5485141084382803,0,1
3.809274508677697,2.1599720117667647,2,0
1.5617126390635898,-0.6401558924771857,3,1
1.4622553265381675,1.0398602959885883,2,1
0.040297486610275685,-0.8244570512979466,3,0
0.6809728169854317,-1.8179547994755871,3,1
2.905801900223338,0.8350489705590018,2,0
0.23343399685218602,-1.3874079936432826,3,1
3.1829920995409675,0.879547874921173,2,0
-1.3068607538752615,-1.9118323682688338,1,1
-0.6054849756394522,-2.3025438391660984,3,1
-1.8793963280423145,3.0669382778777434,0,0
-2.442150644146763,1.4694446290118992,0,0
2.1345429493891235,1.2572750400010169,2,0
-2.8020481570103652,1.491210385416251,0,0
2.186078956936442,0.8095308156148469,2,0
-3.3838588356088075,0.6196759845586073,0,0
-1.4897306480342738,-2.1622015940301234,1,0
-3.3090717823346503,0.9296222465258805,0,0
1.3594121144030282,0.693723593462479,2,0
0.4690564419457541,-1.0645142409309265,3,1
2.7275473021254784,1.6031380788307812,2,0
3.3637280197073753,1.394669435326146,2,0
1.233364340712405,-0.6921716801256137,3,0
-0.15520732928218292,-0.6428282841254491,1,0
1.385212407546225,0.8370253624149295,2,0
3.167827016026579,1.367514583074573,2,0
2.17114718704399,1.103415346058493,2,0
0.5046330714840785,1.20799839014698,1,0
-2.7026760423141973,2.143192506890575,0,0
1.0175748492605117,0.9236177599701232,2,0
2.967629200566487,1.372802783100555,2,0
0.6358905037113025,-0.00022870352415732542,1,0
-0.27699944705396434,-2.4918764902145316,3,1
-0.22085511120349294,-1.8227900517031472,3,0
1.2364694182479863,1.2297588842062523,2,0
-0.25318339600727446,-1.7316519675379933,3,0
-0.01783996889454406,-2.4803317849955118,3,1
0.32792872021008307,-0.03787024668718103,1,0
-3.4137480040059454,0.6013669199933835,0,0
-0.9956534025101955,-1.1610282703908938,1,0
0.3543549541614754,-1.2145226882391027,3,0
-1.8803250855955758,2.8802010915118537,0,0
-0.4833278185942013,-1.8288127946270987,3,1
3.6071382513031596,1.5321880003588728,2,0
-0.37818812256265466,-1.0400457749163323,1,0
-2.4330447614192408,1.3798212954214422,0,0
0.7198480239575635,0.43432723293226605,2,0
0.4918402485051005,-1.665536590232761,3,1
1.5623081990581942,-0.9632775491660286,3,1
0.17387650703919794,0.5252415936526273,1,0
-0.07206769952038988,-1.0793694492530517,1,1
2.498526097830277,0.7053062772520384,2,0
-2.5792462444038935,1.3997288259780056,0,0
-2.380343912687238,2.2669830371586945,0,0
-3.1154896099715166,1.6105885831630222,0,0
0.4353792682433631,-1.9439611327915565,3,1
0.08843846322511939,-1.8600069950871785,3,1
-0.664798751208242,-2.2000091102970547,3,1
-1.0117050836009926,-0.778711032762532,1,0
-2.4230776814513515,2.399327261950562,0,0
-1.116110296510776,-1.6907797612822943,1,1
-1.4442691836452297,-1.6215140173475537,1,0
-1.3964812970794391,2.9439897318437387,0,0
-0.7817852555305442,-2.479852588184719,3,0
-2.9576119726244596,0.984986796585719,0,0
1.9890688248311161,0.6956655203551851,2,0
-1.1008238080897823,-1.313581257482752,1,0
-0.20776934383749884,-1.2152752341158761,1,0
0.8619784038904543,-1.298096945897239,3,1
-0.637064607516311,-2.5170497503691367,3,0
2.6097173577874293,0.4178452365419948,2,0
-2.606268391762351,1.503990473639006,0,0
-3.099486798927177,1.3432444926932052,0,0
-0.9937039813162216,-1.4388940615096024,1,1
2.586051285548924,2.3204589782990377,2,0
3.4307100767450307,1.663094998212696,2,0
2.117133935919635,1.3815536121155776,2,0
0.8249500616229515,0.6058470599259583,2,0
1.8557570042792577,0.40443405764527846,2,0
1.4207881042475157,-1.2672384708012507,3,0
0.4771018201855109,-1.494802128683541,3,0
-2.8286824230620202,1.8858601442762932,0,0
-0.4243363889182227,0.4103800459172875,1,0
0.976081447845865,0.4727731729855841,2,0
-1.9254594869925208,-1.810893430746508,1,0
-1.6100619691852802,-2.170807297507454,1,1
-2.7847487224954963,1.5727167977783898,0,0
2.131484585859775,1.1919219233875467,2,0
-0.8147808151920317,-1.581282479047891,1,0
0.4819130707391697,-0.9744921280614809,3,1
1.8521683513043004,-0.38289057560608,2,0
1.599720216196725,-0.04345729034328372,2,0
-0.6884335007704112,-2.5753393788012504,3,1
-0.4193699151145662,-1.3844987084394875,1,0
0.025833191854519016,-1.9945988391302223,3,0
-2.8182221250626927,1.2267485537337688,0,0
-1.5323502823755002,-1.3529161592246919,1,0
1.6969272544263072,-0.3611599801158558,2,0
0.4735357626400352,-1.8076375214111133,3,1
2.207664658143043,0.4526021936103904,2,0
-1.019985399005185,-1.7326433904726148,1,0
-3.097693144418837,1.0245583038954438,0,0
2.979336451412099,1.1577140783033029,2,1
2.7733714814415795,1.5474239613265965,2,0
-0.6088759800821935,-0.9009092227295072,1,0
-0.05773702463929137,-1.295624745064492,1,1
0.556193652883729,-1.9327790427273561,3,1
-0.016893845679717162,-1.81539788544864,3,0
-0.34458549416750484,-2.0941152868325865,3,1
-1.4545812993651197,2.598354002696537,0,0
-0.586349249186009,-1.2301953863921533,1,0
-0.39229611675271425,-1.7136761977841612,3,1
0.8867686437655498,0.31393759988628045,2,0
-2.307486695513934,1.8049704274463378,0,0
0.9462959340532235,-0.008346880974963777,2,0
3.0306577947443913,2.147877873853295,2,0
1.56356539853364,1.5659407845231785,2,0
3.1694404733238564,1.3305253308714504,2,0
0.434248145070495,-1.9552645670848048,3,0
1.652061939492328,0.24204451453312395,2,0
1.9874753549690751,1.3417989183501786,2,0
3.3156103316967935,1.3985512951162802,2,0
2.056425552676003,-0.11291921476355915,2,0
-3.0846583542398034,0.834057712093929,0,0
1.070693776010141,-1.211615521403106,3,0
-1.6933797999370803,2.5758619459798986,0,0
-2.370183558859267,2.0232149895504126,0,0
3.252374469011371,0.9507091920012742,2,0
-1.765092652347116,2.5639176761531024,0,0
-0.5275111269928792,-1.7941056250243463,3,1
2.1565702628612335,1.414944704363035,2,0
3.038436391902138,1.4140830559447886,2,0
2.850105079439516,0.3526506907020564,2,1
1.3335021225703845,0.7877625082038766,2,0
3.005123343716991,1.7331161912126363,2,0
0.780686553266881,0.15461515955609448,2,0
0.07222527766101255,-0.6518135694739156,1,0
3.016742056198366,1.361329676115692,2,0
-1.1339510964353576,-1.6915875960883986,1,0
-0.4561153494567356,-2.0025601656523966,3,1
-0.5441564177666359,-0.9378311344213246,1,0
2.137070005724859,0.8567395822832875,2,0
-3.2190617118528864,0.8420611432425451,0,0
2.957856229011485,1.2595347500689988,2,0
0.24957811154359066,-1.7617370708126765,3,1
-0.07602066303472912,-1.4278009516164032,3,1
0.23454945287286405,-0.16700141895875598,1,0
-2.402693662439704,1.5144137008084613,0,1
-1.0331420976195236,-2.0433922530203645,1,0
2.864004342001308,0.8075609947288624,2,0
-2.2319504231445304,1.6088912580903532,0,0
1.279395820386712,0.7742690149557918,2,0
-1.3310370402385148,-1.8767133409729928,1,1
2.5047723848476435,0.5724331739415283,2,1
1.3557515681289287,-0.9081695778075936,3,0
3.629752151042474,1.5738514038812181,2,0
0.5976564332517895,0.007793205823172389,1,0
0.9050016948893054,-1.464515859515763,3,1
3.6764409073076534,1.5409385251158683,2,0
0.3725336830231462,-0.35131917346116315,1,0
-1.2445171820312575,2.368618364276963,0,0
3.6774748343286077,1.927939923158652,2,0
2.646740651129472,0.7478794394581849,2,0
-0.6106584235821787,-2.005424729823017,3,0
0.35627876930210994,0.03619148409513123,1,1
0.9694709709658473,0.9476019137788306,2,0
-3.0960586519169877,1.3154976834051813,0,0
-1.155313246167652,-1.8058262814965789,1,0
-1.6745165011564824,-1.9114148697041504,1,0
1.402343203205523,1.2635342499595152,2,0
-0.4988694179169247,-0.17708855072719765,1,0
-3.2335789645966844,1.1703996178465665,0,0
-2.6717348420911553,2.0778014228245256,0,0
2.206944308118012,0.3946397255325024,2,0
1.3359870468328177,-0.5018736787183463,3,1
-1.257590982416483,-1.5886111893750339,1,1
-1.8621715375799663,3.073264461167618,0,0
-1.2013611882230064,-1.7008826201793366,1,1
0.9710366218540709,-1.2640800518191015,3,1
3.0639766953650684,1.143984644204399,2,0
-2.3921972576238653,1.9870451922539438,0,0
-2.631413478756359,1.9083461133444917,0,0
-0.21614925158592546,-1.592952613519005,3,1
-0.7442854985719936,-0.7470653397822298,1,0
-0.6168183161147938,-2.0936692750070867,3,0
1.9946457032874212,1.8762136369171658,2,1
2.9937417569068825,0.9115462564636138,2,1
2.298902688195717,0.264791786110004,2,0
-0.8180847889591079,-2.5065741762198988,3,1
2.5834359900780983,1.5391932640029793,2,0
-1.1421366541575557,-1.1940848733669494,1,0
-3.045949881775194,1.4013555892332452,0,0
-0.3460939775388528,-1.1601216884055792,1,0
-2.6704650985456317,1.7466983579453605,0,0
1.032171860519809,0.18296132188853026,2,0
-1.3223578111243457,-2.2193990322673596,1,1
0.057479308016377045,-2.1637587716819775,3,1
-0.056159497506450995,-0.395216386910467,1,0
-3.3325622599052225,0.6884748057021381,0,0
3.33547475241328,0.9994373797217002,2,0
-1.236569171240031,-2.076143833054685,1,1
-3.0049469587610393,0.6870776323337786,0,0
1.9809116750382512,0.9842019092317815,2,0
-2.6660056794465574,1.2141468090919276,0,0
-0.262943059973058,-1.96549700882935,3,1
1.2556168276651647,-0.7118538687680713,3,0
0.17611623977459878,0.33009829673021324,1,0
1.775675395479907,-0.20476221017299534,2,1
-2.806428313649176,0.9033526366095307,0,0
0.4332645688459928,0.7017045292381412,1,0
-0.0480685559733513,-1.431548922333145,3,0
0.07839270098236972,-1.0027327861178699,1,0
2.392833559218364,0.7102783205651693,2,0
2.0942318401562794,2.05253048600676,2,0
0.023687807034340452,-2.050938556070945,3,0
-2.474406054183405,1.8472062034409518,0,0
1.2393592434653302,0.32476653434209873,2,0
0.8406843404282087,0.40256000339759473,2,0
-3.018158412829506,1.1953831732713671,0,0
0.9379390760123367,0.4242938126664035,2,0
-0.274862462394193,-1.580884520991544,3,1
1.9064405866656553,0.045243582212404154,2,0
-1.3477073258593508,-2.2430052300759993,1,1
0.8411545653165204,-0.5053288980455697,3,1
-0.8118546545120573,-2.5062912757117166,3,1
1.4087681859874213,0.017655637424093262,2,0
1.370458544362328,0.6427728941967494,2,0
2.5788969441841507,2.3430105380014794,2,0
1.835702116336457,-0.3807211666671333,2,1
-0.9761155126403667,-2.3206420159440793,3,1
3.679497262713834,1.5732228038639477,2,0
-1.1165101776461053,-1.5958771308862387,1,0
0.769229562875114,0.7488972379366672,1,0
1.864639466365767,-0.8367026337174863,3,1
1.9784444628642308,0.2774092942697866,2,0
-0.844772876446402,-0.47020095736204026,1,1
1.388053920970322,0.5260149125179148,2,0
-2.2004110529071306,1.4676875928600965,0,0
-2.949931500506731,1.8286175454717786,0,0
0.6747923182978548,-1.2520348167344888,3,0
1.2782550104501074,0.20302996097335307,2,0
-1.5645524864597913,-1.703508927791834,1,1
-1.0191205077530947,-1.6940007292528796,1,1
-0.7400246337664511,-2.4520128061960325,3,0
0.23548554792063608,0.14149603833057034,1,0
2.1705124645398546,0.3859886842201429,2,0
-1.310139707662613,-1.3887402003318015,1,0
-1.3583055617696693,-1.8769537108111278,1,1
0.47462611118992964,-1.738996522781979,3,1
2.999607621555638,1.2885591594259709,2,0
0.22528904166987868,-1.7803429803933517,3,0
-0.5055375881586871,-0.8252560387037813,1,0
-1.2654370810507694,2.7319893809929328,0,0
1.638578298905601,-0.17923669962400945,2,0
0.525230208892884,-1.5733765918881428,3,1
-1.0921433851077131,-1.2656395330476593,1,0
-0.29209789369510053,-0.33007989283201544,1,0
1.7393525157699274,-0.3466814169995732,2,1
2.5843518034298563,2.113560760648192,2,0
0.31466929075524136,-1.144748361068451,3,1
-0.1850166417225207,-1.3098928779155954,1,1
-1.5063126381362029,3.0624040653624833,0,0
0.9767442152602164,0.15378249697452911,2,0
-0.5910638339097273,-1.0625113766803995,1,0
0.9818560045963505,0.8550852208449911,2,0
1.3402001152140033,-0.20381483330498684,2,1
-1.900663949028979,2.258443993848706,0,0
2.903918647912715,0.8487314023368633,2,0
0.24564220098776524,-1.7527448122244838,3,0
-3.049066397531377,0.5061010220166708,0,0
2.697634764009665,2.1181651831584816,2,0
1.195078878246244,-0.6487267969972454,3,1
-2.3060021449441814,1.7885844026452147,0,0
-0.040997363345232074,-1.059097302281437,1,0
0.9652031476882827,-0.8105136061927571,3,0
-1.1882814322599842,-1.839007994089923,1,1
1.2364851327186661,-1.1845777017442214,3,0
0.6115343905397475,0.3156784632383014,1,0
1.895987187392979,0.07145307619462765,2,0
0.5946943583134379,-1.4519684737663985,3,0
-0.2971917872070456,-1.0336334135640763,1,0
0.3006083788139632,-0.10165445973497428,1,0
-0.5166905927517428,-1.9887940764246965,3,1
-0.6502692678600861,-1.4226659958840562,1,0
-3.2359146295478847,0.4080671844062495,0,1
-2.449761767696358,2.2364087287775387,0,0
2.0856740428805476,0.7690429599114241,2,0
1.8246180620035368,0.9207658846210274,2,0
-1.0314616214046475,-2.1622130218978803,1,0
2.6729433825121034,0.9077673278541207,2,0
-0.14138187024504473,-1.9855601864416237,3,1
-1.6216990203486796,2.531211912912516,0,0
-0.5331828067666979,-0.5836746875835201,1,0
-1.2390527030635505,2.972140397306558,0,0
2.9692078744012997,0.8874675370783636,2,0
-0.3904816892809231,-1.2085653798349776,1,0
2.5799084121007905,0.20698793570933824,2,0
-1.7508887487300837,2.558748350012281,0,0
2.2065964868222196,0.24688871473134616,2,0
-3.414202365309762,0.5989351433527351,0,0
-0.14484465765119608,-1.681593365720228,3,0
-1.2346863486032633,-1.3417098102082978,1,0
-1.4797016709163973,2.880714434185089,0,0
-3.0558170356612258,0.28321032072626756,0,0
1.8082085213090997,1.992089392039333,2,0
1.0791177452698433,0.7250018580052588,2,0
1.5773361843617977,-1.0303733203060492,3,0
2.7695951441443762,1.2273031054871133,2,0
-1.7656455307321521,2.457894729846461,0,0
1.6843374945401113,-0.6427687747839039,3,1
2.0588171585181896,0.7840207515353474,2,0
-2.451472186307534,2.0131575370736168,0,0
0.014022105691439718,-2.4472022554440533,3,1
1.5471347486926414,1.096229330215107,2,0
-1.657812853101076,-1.888739151612069,1,1
3.2501712796721804,1.7420320751225622,2,0
-0.6550590342880394,-2.2090704429397583,3,1
-0.35361101080201385,0.2321717851441857,1,1
1.21691968074457,1.197114040401884,2,0
-2.8893317866627535,1.7508514297633,0,0
-2.10524400840055,2.4900626853836805,0,0
-0.16914682371336867,-0.41234113200105693,1,0
-3.2513044103875903,1.0466115916066656,0,0
0.6397287185044116,-1.2868163315962904,3,1
3.0369395719753367,2.0278248906161105,2,0
-0.8189098994081412,-2.506267193915261,3,1
-1.2233031009076003,-1.2945046022063973,1,0
-3.1427817059891496,1.1574688986428066,0,0
-1.4703778730443167,-1.8312354083421847,1,0
2.559684870283881,0.7786403740078296,2,0
-0.6730476942630879,-1.2258004282862365,1,0
-0.13552284140101162,-1.5815883225730223,3,0
-2.8819069695022788,1.923067924289897,0,0
1.279328971016453,-0.48603830634267964,3,0
0.32425017252568167,-1.7016572013003917,3,1
-2.040737857313637,2.1911477846634746,0,0
-3.071070081137781,0.9270796293472506,0,0
0.5139381724764229,-1.4160542037221029,3,1
0.49183884320993326,-1.2921688826995141,3,1
2.080493386095762,0.25253907732664227,2,1
-3.3857091391910266,0.6724986187003966,0,0
-1.5636879062309665,2.4591916346008427,0,0
-2.226363502557167,2.2921021954924923,0,0
0.43497476832604837,-1.483022446351739,3,0
-0.12492112574850524,-1.5719105208485222,3,1
-0.016695189692794904,-1.5729392023110134,3,0
2.5295109783970466,0.5863481686070517,2,0
0.6031915351712274,-1.464289919002385,3,1
0.48180787697474264,0.8760078724086526,1,0
0.7078617498383666,0.3577442287509919,1,0
3.1053023748629087,2.1424727101483727,2,0
-1.6439687829234841,-2.0725148970796345,1,1
0.683364983787154,-0.42406552401244424,3,0
-1.1423604891269545,-2.0821853928690093,1,1
2.921080508308256,1.7125001743648594,2,0
-1.1247041475386668,-1.7920907437077223,1,0
-2.916228769332277,0.7787568340554754,0,0
-0.9609956571782099,-2.1319955050931956,3,1
-1.7287182571147692,2.048602087116848,0,0
-2.207719172453953,2.671551860926698,0,0
-1.181113373189286,-0.7756203799555017,1,0
-1.107889657476681,-0.15435005722266193,1,0
3.41954000474375,2.2488736576700745,2,0
-1.8175420722258446,2.4998002209957377,0,0
-3.323675833303341,0.7078162245100459,0,0
-3.1958186990891666,0.8880374562803286,0,0
-1.2659556215733778,2.90835490451484,0,0
-0.7587203145835564,-1.8489830341063487,1,0
-0.13416959015318514,-1.7124577327631239,3,1
0.9341888423577758,0.5379784034903349,2,0
-1.5858309239394215,-1.5456487920346629,1,0
3.372927998282281,1.862377333188479,2,0
-1.5241108444061089,2.2688954670191386,0,0
-3.4027019616596355,0.6254602823519538,0,0
1.3963658038806896,-0.6657392229280383,3,0
-1.4854041677624237,-1.901381087062145,1,1
-3.2897408609525622,0.9855303691010409,0,0
1.954243766016264,-0.035537593833029846,2,0
1.361379834585479,-0.11680501999963122,2,0
-0.324874256249978,0.429808980318668,1,0
-1.2520846613034677,-2.064933624279515,1,1
-3.3010642067618474,0.9640320259434516,0,0
0.8836629600204209,1.1094219216574652,2,0
-2.0970532818027223,2.479885349776511,0,0
-1.1633689002621639,-1.7555081998825,1,0
2.0028003241475596,0.6606916470684198,2,0
2.303018371942071,1.7676160941191112,2,0
-0.5930825209019016,-2.2363285771347527,3,0
0.7847366563974818,1.1819472474472863,2,0
-2.797540610248514,1.0663829599660397,0,0
-2.986171194426262,1.1302435296273288,0,0
-1.579459212853049,-1.4692430117056443,1,1
0.6178955239220301,-0.6928863886817402,3,0
0.788729328172465,-0.1099036450850468,1,0
-0.35426352759594726,-0.881174775128801,1,0
0.08596839628871561,0.1104441757527535,1,1
1.6651498428846863,-0.784260858555506,3,0
-0.6123459109843153,-2.3042283678181104,3,1
2.996676107359255,1.0451762801264235,2,0
-2.8024446802179503,1.47776606078005,0,0
1.8081966869266293,-0.2494299615439447,2,1
2.5079425736029477,2.3315863659098834,2,0
-1.506520351970749,-1.2883750850086237,1,0
2.2754469129491968,1.1054292034379545,2,0
0.2807167702799705,-0.7752803131633603,3,1
-1.5981175787911495,2.964295477383259,0,0
-0.7210926241304725,-1.55615828481451,1,0
3.8606127918438538,1.8536228554431626,2,1
-0.38071173345893117,-0.594676168523589,1,0
-0.15512416343232532,-2.0771736200744524,3,0
3.497343753588984,1.9121269353634345,2,0
-0.13760706667006345,-2.0925939564847464,3,0
1.5646400362816226,-0.9442498848734564,3,0
3.653458096723334,1.4031287863509943,2,0
0.08284082023317907,-1.6470082846139225,3,0
0.7674099202988693,-0.5970640818206936,3,0
1.3164846383288535,1.57854777925115,2,0
-1.487687495642491,-2.0732754559848434,1,1
0.6575991975261977,0.4038163295591431,1,0
-2.7569103630999563,1.8386781979305364,0,0
1.9155286731380687,1.211368150615223,2,0
-2.9954419884880275,1.6777854012376479,0,0
-2.834527328113882,1.5292653508194274,0,0
-0.6830713008440337,-2.238399976789598,3,1
0.43397887197701407,-0.7271253074371937,3,0
-1.1112226218813306,-1.7864591499857225,1,1
3.3708460811410013,1.6849754602439493,2,1
-0.9653071248773184,-0.8322949337517864,1,1
0.2627030817786912,-2.055119082872575,3,0
-2.323805190985502,2.5238271817391897,0,0
-1.3530801353424844,-1.901654839212774,1,0
-0.9304412575334684,-2.346737737544581,3,1
1.330520137002957,-0.9033264872635598,3,0
-0.37235522651202435,-2.582055842454957,3,1
1.0397677148223758,1.1158652725281155,2,0
-0.6198657731726334,-1.019928931813904,1,0
3.0213703346244802,0.6769003822361473,2,0
-3.019915468736595,0.6678496416312395,0,0
-0.42610646513699746,-0.02337687871381594,1,0
-2.9705476506755564,1.46777558659693,0,0
2.119329571889709,1.5787749258750123,2,0
0.3053021445180924,-1.048988963178852,3,0
-0.08795140639897803,-0.04966630391430765,1,0
-0.7739664324869537,-2.28106474212431,3,0
-2.8546042149786817,1.328056577812233,0,0
0.16315421992455093,0.03950257240679328,1,0
1.9823064306012526,1.1964952096032937,2,0
-1.2023481533274214,-1.860658217796564,1,1
-1.5741147496721866,-1.672583045022135,1,0
2.906142642919594,1.1570527533095096,2,0
-0.050747045424564804,-0.4059249753713299,1,0
0.18541129838896453,-1.8445424756074422,3,0
2.367979323410834,1.7866490679310063,2,0
-1.4232030750823754,-1.8818561991197205,1,0
-0.41070023438225045,-2.1127970107998415,3,0
-2.6843536881424614,1.8409673562458633,0,0
-2.9171951606435322,1.7803466843802336,0,0
2.5617379291814357,1.6155361317069805,2,0
-0.40317622024036015,-0.28491211797425,1,0
0.9018557908201228,0.7699430311722437,2,0
0.646972759531601,0.72123513991841,2,0
0.8607594494491659,-0.6268734456769063,3,1
1.755820238675692,-0.00018934394260944343,2,0
-2.49876399695288,1.8763133106454917,0,0
0.17924115187704753,-2.076926419218001,3,1
0.6241998341595449,-1.7457238017231853,3,1
-0.7191682578835905,-2.602177360033039,3,1
-1.8824657107923386,3.0542963598368464,0,0
0.69899933940424,-1.4925577875271558,3,1
-0.07088634816713488,-1.1812290094769407,1,0
0.202773782917132,-0.8561606869849891,1,0
1.374091951919231,1.3694466422698648,2,0
1.7236494224589396,-0.9861273706781499,3,0
0.8371740124865807,-0.25252308204051277,1,1
-0.9271408157373349,-2.347965666763133,3,1
2.6050028360694584,1.9022537576924639,2,0
-0.5089999359690118,-0.7950016084698781,1,0
3.31046739998721,1.344168116923717,2,0
-0.07584003220275551,-0.9672305011098423,3,0
-3.283693466856666,0.43234509397537874,0,1
1.015466624663955,1.3429824047922736,2,0
1.6535573416916307,-0.6727343995726969,3,1
2.652195201849417,0.12154176115127685,2,0
2.022934132099824,-0.3267585527617384,2,1
-3.4348301265355974,0.606609700968688,0,0
0.5265624934594986,-0.6853921056788512,3,0
-1.2582512835465505,-1.8124011600702066,1,1
-0.9585882440853133,-1.3629881524441367,1,0
0.15887568746570985,-0.5768209959074012,1,0
1.0542869585307861,1.5835649171179382,2,0
-1.4669177498235222,2.4146109489303287,0,0
-0.3133971499684633,-2.265824807389648,3,1
-1.5239964337011205,-1.078435834046566,1,1
-1.676692528475157,-1.4181609856310546,1,0
3.6950013867513265,1.9270555203881838,2,0
-0.5381616811694504,-1.3264852159480893,1,0
-2.7854449120352567,2.0290938533053122,0,0
1.54189779625158,-0.4583176097431604,3,1
-0.12125131824796857,-0.32189080579682805,1,0
-1.2848974207117156,-1.850614664740789,1,0
-2.01425351446749,2.543315008821307,0,0
2.8916719645414735,0.32697089726032175,2,0
-0.822820404953283,-0.48523036282576215,1,0
-0.5247087505272849,-2.3664378667593455,3,0
1.3237243026702075,-0.5181815944951024,3,1
0.2934096322648856,-0.7347728112875771,1,0
-2.319319580017338,2.5233104944322955,0,0
3.322061883677313,1.6447545501668874,2,0
-0.43655318439640767,-0.16160074321815765,1,0
-1.3477029460589942,-2.0459457233926495,1,1
-0.7293204775371438,-2.113467700331838,3,1
-1.1746093375226903,-1.8337057015657516,1,0
0.5494066739731542,-1.5188731255889072,3,0
-2.8822705400024513,1.2314094921394902,0,0
2.312673119305742,1.1791276708326812,2,0
-2.6621641640132103,1.6359461703567462,0,0
-2.684119812494656,1.3371540699238127,0,0
-1.9110176694742915,-1.7890202655607432,1,0
2.4763215452099,0.16444317044611295,2,0
2.125198303185729,0.34562263602029003,2,0
0.793382649455616,0.5282172022350098,2,0
0.2982432834263839,-2.130979239980052,3,1
-1.2759485323308213,2.6944556594948965,0,0
-0.9073882284619483,-1.054025389319117,1,0
3.236085504744302,1.0424513755535652,2,0
1.688869662532373,1.5012835468810373,2,0
-2.580426014810229,1.3013793196958887,0,0
-0.7531678753866808,-0.3968654950519205,1,0
0.3624927792828076,-1.5634010729698813,3,1
1.4822185052812866,0.9961718277635866,2,0
-0.37733897725161514,-0.18209224675935043,1,0
0.4128868050774515,-1.6866712598992406,3,1
-0.32979412064094915,0.3032395614454122,1,1
1.3306553460540171,1.8973866913921198,2,0
0.5884389411861048,0.2851565626391848,1,0
-3.352667239553131,0.6648073649686306,0,0
3.434890528928743,1.5932446029424896,2,0
0.7002411458860291,0.6487358438603109,2,1
-3.0680184534038024,0.459736378283562,0,0
-2.9264806242649377,1.0997275467884378,0,0
-1.4342949905748283,-1.311227309376503,1,0
-1.103323969297329,-2.1552798957852755,3,1
-2.7893667846112433,1.4795014478789186,0,0
0.6205570997903431,-0.22297043331975797,1,0
0.29149508327772466,0.985424490324031,1,0
2.656443007512839,2.1560218775051103,2,0
1.1672412853628082,-0.487352771546559,3,0
-2.885817522253596,1.6690040401366615,0,0
-0.8211528614269084,-1.4617081976110018,1,0
2.213915953169841,0.5941002149534037,2,0
0.056916118046719755,-1.4004184286284997,3,0
0.3345656006374113,0.5309735362815211,1,0
1.048601703248941,-0.23539608869170692,3,0
1.6851035500087082,0.10444903699892721,2,0
0.9608334634373201,0.6023536314081932,2,0
-0.3584409428273818,-0.6928920794468802,1,1
3.188021398862095,1.5241124229285032,2,0
-2.7254778336393293,1.36303380546079,0,0
1.8494464983636403,-0.3269271593172408,2,0
2.253234123358131,-0.3796313866259152,2,1
0.5701796173994906,-1.5486909729864586,3,1
2.2587214619749987,0.1466508979242387,2,0
2.161268808553697,0.5260150979584317,2,1
-2.039408775857964,2.998525095050261,0,0
-0.6207165672145819,-1.8341676668389344,3,1
-0.5096275258165102,-0.9790514218022237,1,0
1.454748112652269,0.9299074473430043,2,0
-0.24145024097425027,-2.1819933981089497,3,1
-1.6969301142147752,2.4130231621876588,0,0
1.9310381368923493,-0.6057420297053291,2,1
1.1420393443729173,-0.13245288138532707,2,0
-1.1117456444222242,-1.4818162237453285,1,1
0.18823214224793478,-1.3923686594782567,3,0
-3.3588129247073577,0.9200556319368586,0,0
-1.572916896839738,2.6113361060634555,0,0
0.7499364281998357,0.33221299104133245,2,0
3.1896443534156464,2.002294707789013,2,0
2.225611637951023,0.21843479201063962,2,0
-2.935290281755852,1.5273961346580658,0,0
0.5195037874457011,-0.8429489486789252,3,0
-0.17161459012900296,-1.8649870399114905,3,1
-1.2904082462560706,-1.607733359730558,1,0
2.350223894879085,0.6990880092122773,2,1
1.5172756154395157,-0.5741478922498777,3,0
2.7194323519405947,2.0966568116099764,2,0
0.38475031034362156,-1.1694676743967551,3,1
-1.906653492375397,2.3673264445680156,0,0
1.4189072022671338,0.0884863430259692,2,0
-2.6975463585548636,2.190578204454111,0,0
0.2247111226461292,0.23917874741257636,1,0
1.7185227367435938,-0.311981699943886,2,0
1.3866774015093843,-0.7041752223216806,3,0
2.409226075639823,0.4328232608027089,2,0
3.1700063658356252,1.7972155133838632,2,0
0.8954232674113498,-1.1618935827577694,3,0
3.1263721485388873,0.9422384930799274,2,0
1.0185724997779833,0.21178708962596737,2,0
0.3495411566082243,-1.6034111066692,3,0
-2.598472693941051,1.0611960120638462,0,0
1.3604748533973998,1.4698942775186128,2,0
1.9798630678006808,0.26817552328007055,2,0
1.6627050810711823,-0.4794634867076618,3,1
-3.448057206750637,0.8149053050226733,0,1
1.9471723110137795,-0.38153830720024284,2,1
-1.5988115001981684,2.706237287574319,0,0
3.4728370708333602,1.0723456550412924,2,1
-0.5620470175047708,0.33763604716953494,1,0
0.8176408917554454,-1.5785978785359354,3,0
-1.6174045268602482,3.033718814620469,0,0
0.07530197108165271,-1.901441443975169,3,1
-3.291698594459197,0.6379871019131048,0,0
-3.086116635936755,1.6610457455133332,0,0
0.3196500082142913,-0.7855152402148997,3,0
3.2388337997088312,1.391829345695323,2,0
-0.2931445019045968,-0.962778812754564,1,1
-0.715079200178147,-0.985451088417413,1,0
-3.2919445713469995,0.4354149170217598,0,0
0.8397518641033535,-1.4089894120666284,3,1
-2.3799648186441136,2.1253951487749445,0,0
0.7905379695791328,0.36977297812298626,2,0
2.080982865599197,1.4005032479809785,2,0
-1.1487251838639783,-1.1243253326587845,1,0
1.8692080061951353,0.48201135756068164,2,0
-0.8835269862574724,-1.3066762396395133,1,0
0.2728490313117451,-2.352024321732534,3,1
-3.4381305683317307,0.6078376301872407,0,0
-0.6176914825977564,-2.1885472063147002,3,1
-2.343220595236603,2.2120158490172868,0,0
0.5570519349614453,-1.6839127991081224,3,1
-0.5285135480101588,-2.0971477770783356,3,0
2.2466272972103245,0.1571792369013733,2,0
-2.31863752535487,1.4018054661094934,0,0
-2.1348807091108117,2.497497142966802,0,0
-3.247466175834352,0.4123649366711832,0,0
2.30902551840861,0.11413720451717652,2,0
2.680568208467793,1.151662242257396,2,0
0.29553146606914876,-1.9953643853780358,3,1
-2.678142578689577,1.3857581458392412,0,0
0.25873330339998546,-0.4526293311141476,1,1
1.040232500876359,1.296982975750644,2,0
0.9076418362225496,-0.19060065306817564,3,0
3.522871106281853,1.6975786253136218,2,0
0.19564193094486598,0.5143947084433032,1,0
-2.921569191393108,1.7793260403855231,0,0
2.4971645973222047,0.8653938915432355,2,1
-1.1980470697144268,-0.9808368030012218,1,0
-0.05423637458681713,-1.7314683052420625,3,1
0.21654496891081798,0.05647158107658029,1,0
0.2694828510369097,-2.1432113424622283,3,1
0.5535156870916327,-1.558027720496789,3,0
-0.2216075363652689,-0.042041179309421584,1,0
3.50736396983402,1.6444484095961305,2,0
2.7465416481419935,0.0879950135211055,2,1
-2.8283018008767926,0.6991778234372681,0,0
-1.5537341453357185,2.6903594513244258,0,0
-0.38853850041154436,-1.2566741679823354,1,1
-0.6651074586809396,-0.1081484697624503,1,0
-2.7028724267822954,1.32152098614357,0,0
2.873959856778531,2.072069576387035,2,0
-3.4012936320504275,0.623096861660403,0,0
3.4918944121642266,1.3027225406362941,2,0
-2.8567825403904137,0.8654181060117114,0,0
2.844694583477166,2.078571335090567,2,0
1.5900817477978064,1.6263857864316336,2,0
1.9729710703180519,0.0667577499479996,2,0
-2.0224116003900057,2.5662746078929644,0,0
1.8385625992496417,-0.3386065915229093,2,0
-1.4406738968791137,-1.8422867713091569,1,0
-2.026803636559528,2.424200169153658,0,0
-1.2954123372488584,-1.144903336592975,1,0
2.040188025338717,-0.5720303779915475,2,1
1.1563113210268463,0.7720145446102138,2,0
-2.8211675487107626,0.8155415950664671,0,0
-2.1295630712556637,2.3124801459003703,0,0
-2.4380505647151773,1.285093395507554,0,0
-1.785540234355978,2.4975889794263564,0,0
-1.031385834577562,-1.8620945443652162,1,1
1.2377785869810143,0.8688745017669894,2,0
-3.161221228717961,1.1299880514140666,0,0
0.23413945598074537,-1.9631727004726287,3,1
-2.9905865520879966,0.6009309880755748,0,0
2.1309201829475093,1.929040561222763,2,0
0.5394350210139138,-1.4066887337321994,3,0
-2.7940046517335957,1.4546882048317487,0,0
-0.04661971716981958,-1.860215700382238,3,0
0.8336998233070174,1.0612330196978945,2,0
-0.6556928140373327,-0.37174332231290697,1,0
1.7657112704626454,0.538138964448094,2,0
0.9560669374339701,0.8536251922213125,2,0
-2.425787934658398,2.4649398755096286,0,0
2.2644558628353915,0.056485470280231875,2,1
-0.34696049788111916,-0.7654717796995338,1,0
2.35651536962695,1.7361822803050118,2,0
0.03437712283883301,-2.0880590231473555,3,0
0.383537541408494,-1.684504237213739,3,0
0.29766443298755996,-2.0857705640945836,3,1
2.8959348747431544,1.4854803674285355,2,0
0.9426288963500982,1.0042525022194977,2,0
-3.3027716441019446,1.0766569578520302,0,0
-2.890053770009129,1.1657652988315035,0,0
0.9343597190190882,0.8970187012979428,2,0
0.2955839237925186,0.059813948250679705,1,0
-0.22707611004347894,-1.545715933597548,3,0
-2.8836965741783014,0.428778584797152,0,0
-2.9451445573939083,1.3052826794144536,0,0
1.9027209966493375,0.22745326755912165,2,0
-0.7395994622341677,-1.5238737338167347,1,0
-1.4102135320899256,2.395502875497491,0,0
-0.890565087409082,-0.7691070033618421,1,0
-3.0574846018630093,0.9455619533391322,0,0
-0.14707825166614436,-1.099897232068388,1,0
1.1868096025056474,2.000297601227575,2,0
2.6363419486332846,2.1226637176395293,2,0
-1.0413675424239783,-1.4761677138547604,1,0
1.0927807060743833,1.0689025905808065,2,0
3.4258087134226876,1.520013089657299,2,0
0.47095995955746955,-0.10621569001403564,1,0
-2.3473506000550945,1.049091289436185,0,0
-2.6454874811930105,1.7968319061578812,0,0
-2.3655687336018927,1.619224566079125,0,0
0.2423570826540702,0.381345615519722,1,0
0.5065175005280209,-0.9653061432488006,3,1
-0.10527189673002248,-1.7675477127436696,3,1
-2.3259470626561365,2.201974903832062,0,0
-2.8896229893386765,0.5005714412159135,0,0
-0.5053014668932048,-2.1749388714000437,3,1
0.5013706430906402,-1.0634850890576844,3,0
-0.5053509668408638,-1.726909724350455,1,0
-0.3642829849063759,-0.45065587763076065,1,0
-2.902883793901261,1.465123972924788,0,0
0.1912596112427088,-1.0762314814155913,1,0
2.550483309682204,-0.06457870745721778,2,0
0.6127197728287939,-1.8743120771782753,3,1
0.6448569067284495,-1.9919134677586234,3,1
1.9900442786573922,1.8236205797667473,2,0
-1.5131853356790899,-2.0985749591985208,1,0
2.607458495226117,0.6190588439716027,2,0
-3.2824139951038167,0.43446988831138916,0,1
-2.7088246584903186,0.9253558727150474,0,0
0.16872630136364963,-0.4237617124762879,1,0
1.5860000253608542,0.12297033480852343,2,0
-3.0289809639600755,0.9932529225352237,0,1
1.3101496569488273,-0.5334428220473187,3,0
-0.7217828166298748,-0.6330086092043892,1,0
0.5504391252727738,-0.25028996544968785,1,0
3.1315536376349,1.7268466172675472,2,0
0.008423557133335619,-0.7384999892487742,1,1
0.10109872535390635,-1.5692385512542872,3,1
1.247168080519448,0.5938816729950822,2,0
-0.7379057901197847,-1.1048871628546608,1,0
-2.1662379192491703,1.548292154246989,0,0
-0.9382380007199858,-2.3412361378575506,3,1
1.5819091049418226,-0.6596313432851983,3,0
2.0865255187842964,-0.15070526346220192,2,0
-0.27367435562987436,-1.911648738275946,3,0
2.373522007973758,1.0549247445218315,2,0
2.0867488637454246,-0.046026078910412604,2,0
1.584269944009866,1.26996366391547,2,0
1.9204850627950083,0.323586070816008,2,0
-0.20546582281877906,-2.1096000561875767,3,1
-1.3273605184872799,2.6980820179335403,0,0
-2.8839790117019697,1.8995471472246535,0,0
2.972135182861035,1.0641259822163367,2,0
1.0633379002769057,-0.3128525228513479,3,0
2.454241929691019,0.5558184570508562,2,0
3.388227374307533,1.95803681456029,2,0
-0.739425269964209,-2.597241561362373,3,1
0.5483693550539013,-1.9394323194533414,3,1
1.0430156351734905,-1.162479645137892,3,0
1.1868442979998526,-0.6628223409714209,3,0
-1.7020085578382476,2.886205468161351,0,0
0.9331029754103237,-1.5814061928496206,3,0
-0.6570038726015649,-0.5757667616467093,1,0
1.052306703301533,-0.4007416509133689,3,0
1.1784704572317795,0.692882136733914,2,0
1.8934936018714883,1.932080598513617,2,0
0.5787825858942575,0.6023732185109681,1,0
2.341447082127614,-0.11066900827228154,2,1
-0.34303903449405093,0.24167341835696013,1,0
-0.2028229443245944,-0.03354456456140037,1,0
1.2028247742858746,1.2812907237852953,2,0
0.2807698411789263,-0.10310224218714337,1,0
0.27687771315249726,-1.215852698378203,3,0
0.5048224016951206,-0.8825825816894983,3,0
1.8362888316365564,0.3292219463528081,2,0
-2.4382373849127443,2.4745611362474467,0,0
-1.0837665650312893,-1.3421237780729907,1,1
-1.1313255293711362,-1.7934105853246127,1,1
-1.321601340215172,-1.5201354807428407,1,1
-1.2619873815785259,-1.8599378916887475,1,1
0.0005383127798152809,-1.5767808918560675,3,1
0.3168212163553467,-1.2880746861731385,3,0
1.9061204839113872,-0.2404021300987884,2,1
-2.969592445561186,0.7127282393343313,0,1
-0.4241593436462217,-1.553244222005677,3,1
-1.5330314865612173,2.585156244485791,0,0
-0.745912766827499,-1.4961314298803876,1,0
3.458488818759006,1.5653851223527944,2,0
0.7082789280746007,1.1527831403683657,2,1
-0.4389346842567557,-1.8454257707709305,3,0
-1.4168232625923012,-1.8576621940437807,1,1
-1.0228027670072164,-1.9011869514101074,3,1
-0.4797009911770789,-2.401449231612978,3,1
-1.3425749123504869,2.7229958182739846,0,0
-1.0898245013492824,-1.554080406145942,1,0
-1.3945924619676515,2.9601790851888747,0,0
1.7143114807111273,1.5267393279129091,2,0
1.278405952765474,0.5656932119381173,2,0
0.4015235965366057,-0.7458576116070152,3,0
-0.8430909473880579,-0.016731012577540227,1,0
0.2555745190705376,-2.0116601071028457,3,1
-1.1417382528340307,-1.7053711764224995,1,1
-2.878284480268111,1.4896748222559921,0,0
2.4978537278700683,1.9710734560144985,2,0
3.674928393357908,2.122539638452569,2,0
-1.6753416116055158,-1.9111078873995118,1,0
0.4987575272174705,0.19893847137228823,1,0
-0.3639888503849956,-1.8040247195247148,3,1
2.1728379551882027,0.1911361139344838,2,0
3.461336774359075,1.6236739338255473,2,1
0.14898717887019203,-0.2708139145349445,1,0
0.7122683643212844,-1.0722134161638606,3,0
1.1905780394107397,0.6946821047082954,2,1
0.3124298394226232,-1.0691178051359935,3,1
3.1908619376095366,0.7848458646344305,2,0
-0.15405276056104333,-0.6948294534032029,3,0
-0.4487581671195747,-0.985708468210434,1,0
3.375365293669389,1.1723051966674172,2,0
1.9782000488192406,0.44119965583295134,2,0
0.5903240654536501,-0.22421609073411242,1,0
0.1538971904436937,-1.6790451269284714,3,0
-2.161021069636932,2.618393512284574,0,0
-1.4291572221042317,-1.3503409842684209,1,0
-0.2608561287408474,-0.20865505715634614,1,0
0.37738596846625544,0.9189385038277105,1,0
3.442723735254878,1.812487445871203,2,0
-1.1430576641625312,-2.172336899680646,1,1
-2.3191357287403154,2.1454302194781594,0,0
-1.464691719516214,-1.682433462476131,1,0
-3.2453156977981252,0.8179121555539552,0,0
0.5458049326377794,-1.6044300362938728,3,1
3.444067296755614,1.2980359592041508,2,0
-1.562985143031155,-2.0709443260748293,1,0
2.496967357697519,0.6048569963063157,2,0
0.4748860567129329,-1.0339510343133147,3,0
0.9025501902532396,-1.4724797612348128,3,1
0.9457011955880847,-0.6362676588408629,3,1
-1.8457204968853926,2.3406748304910505,0,0
-2.11974919251287,1.6777298909469553,0,0
1.4769468304653084,-0.24469209703190675,2,1
0.5769196134578469,-1.4913148447010933,3,0
-0.7895766723881554,-2.514579797936946,3,1
0.871844072708823,-0.5211862875410238,1,0
2.966485222303303,1.6398792996407825,2,0
-0.8709728544558086,-1.1306261697763031,1,1
-0.6665808769569699,-2.0550188039577826,3,0
0.821888825202792,-0.25370604839122,3,0
-2.329164153737205,2.6282044785595735,0,0
0.09338753481335887,-1.39197520481102,3,1
3.432595165644107,1.546195839983048,2,1
-2.787655987186184,1.7228192805421587,0,0
-1.4785025089760953,-1.7064154221435228,1,1
-2.4428570172156285,2.026348695978204,0,0
-1.1502334018822935,-1.7892820983132431,1,1
0.5348538923815165,-0.7252486379424068,1,0
-0.4703795556109132,-2.394277956391016,3,1
-0.7259966092222345,-1.2358777185126393,1,1
2.4863599427020673,1.9255262325695728,2,0
-0.7347054528413395,-1.4787634737968685,1,1
-2.4834822537055983,2.292110448847475,0,0
1.5656046259457241,0.49840161407849737,2,0
0.19285260506672125,0.3669847663170449,1,0
-0.3688947884284064,-2.3169912422116994,3,1
-1.4657522797446412,3.1121083338287736,0,0
-3.2777899806788606,0.6654004780867414,0,0
-0.7093675811748636,-2.0939329067124843,3,0
2.689371196675648,0.7187469521168297,2,0
2.950552312896765,1.8916179747303516,2,0
1.0491586876945884,0.06715238553858388,2,0
0.5214583962139006,0.7176659887633741,1,0
1.9854046532157217,-0.4389683042926077,2,1
3.718151357384513,1.4845480864096805,2,0
3.4989805574742197,2.3216010076646176,2,0
0.6952417242625282,0.7890832097366116,2,0
0.2062665044405922,-0.1441402015630755,1,0
0.8069350186543336,-1.0340435976051618,3,1
-0.9835304353793839,-1.4412552467456388,1,0
-3.0699368321721443,1.3894378729726542,0,0
-2.0081905367386774,3.043117651077069,0,0
1.802646144414641,0.38707485437879174,2,0
-3.402196457719478,0.5970691677284499,0,0
3.4714939484532836,1.2716159158236082,2,1
-0.6407985690586286,-1.8577027514689706,3,0
-3.438155881362236,0.8112215173670159,0,0
-1.0184830859639025,-0.8976008314042381,1,0
1.8699519176571033,0.12213328192207284,2,0
0.20984969592830982,-0.5650718769375787,1,0
2.2765583486944396,0.20415167197206435,2,0
0.6497072573582643,-1.7737659669913437,3,1
3.3585764850230975,1.5775480618307367,2,1
-0.24439968669640685,-0.2395015927235884,1,0
0.7905567537788112,1.0412880669663853,2,0
-0.7891157380457894,-0.8665227846988979,1,0
-1.978147356474372,2.21139265277718,0,0
2.1304974528302822,0.900017114385755,2,1
0.8769073777718526,0.1218952987965019,1,1
-3.37504333326311,0.6724821952409968,0,0
1.011924801291048,0.6400740907761624,2,0
-0.49455297925968045,-2.395923550129492,3,1
3.2440012110242225,1.1683183772720804,2,0
2.9366565484640947,1.3809861842386697,2,0
-0.40611115387268815,-1.3879437576437466,3,1
1.6326379392568888,1.000896802087669,2,0
-0.25518436506925757,-1.9892455884775935,3,1
3.362973614424702,1.2849559621066295,2,0
-1.2391735949254123,-1.6813836460221927,1,0
1.9304736186163958,0.6233371571905059,2,0
-0.5695045641371634,-1.159076317747408,1,0
-1.2710340840276657,-0.953095391073036,1,0
-3.4199781384529957,0.601084019485202,0,1
-1.7148174602477628,2.925270621801439,0,0
0.38827511763314154,-1.0944810955946258,3,1
-3.419153028003963,0.600777037180564,0,0
0.20090652385935448,-0.20895142874614192,1,0
-2.2225261422126446,2.7800789201479317,0,0
0.062190582140747075,-0.6439337316916205,1,0
1.4145084942014314,1.8489552785003465,2,0
0.029160749470240027,-1.7362165656656996,3,0
3.581600317844178,1.665734608992456,2,0
3.45757592547901,1.8805977597471468,2,0
0.9159418981818583,-0.8911823812473552,3,0
-0.1181269347461109,-1.1246403829703007,1,1
-3.0731773843823276,0.6058893863575927,0,0
0.22510076832813647,-1.7051082932981692,3,1
-0.9221742002982891,-1.5069886230509049,1,1
-1.3733218646692522,-1.3073869214092257,1,0
0.7300087030671669,-0.5328532575410049,3,0
1.2701240260953752,1.2044602367330355,2,0
-1.4061184143663434,2.7471364882682305,0,0
-1.1755581333220448,-1.878756898599564,1,1
0.5025870477879268,-1.3051292075745242,3,1
2.7464047179077187,1.0972027494510606,2,0
1.0883538438948632,-0.5812891910266977,3,0
-2.2276377507909633,2.2938580294916378,0,0
-2.013780012342751,2.3270987703673134,0,0
-0.5092770144777428,-1.8794579936036533,3,1
-1.516180695950243,2.695558392048137,0,0
-3.337557285692944,0.6886857837663021,0,0
-0.874315293786178,-1.8891171970665435,3,0
-2.267338108780611,2.300155404690115,0,0
0.3329021471609826,0.03818441086811125,1,1
3.1249509308452166,0.7277972846487633,2,0
2.137635281915461,1.8646265320584265,2,0
2.1107231341392567,0.6601064862685517,2,0
1.606957005200583,0.18826784320257084,2,0
-3.0585908377865905,1.2475373563128307,0,0
0.556615680007257,-0.3757971148501117,1,1
-0.3370696986439249,-0.7526194554719443,1,0
-0.8170939193434197,-1.1300946857398,1,0
0.13692920703279443,-2.141274846510724,3,0
-0.07385683992848441,-1.8421584739525942,3,1
0.3494729126897255,-1.0380050795178024,3,1
1.0346356883668846,-1.4842941289400016,3,1
-0.31645523939001524,-1.7696445698492493,3,1
2.5006700596671325,0.1770452992684665,2,0
0.13098144240124965,-0.19423476437195375,1,1
1.8712295714924998,1.4848038637046874,2,0
0.604780440833453,0.980601902088172,1,0
-2.2643896385129056,2.6866422946677675,0,0
-2.3303242288194466,2.3376671830221136,0,0
0.005760521790532713,-2.1965405432454412,3,1
2.059181246565748,1.2692078313067063,2,0
-1.949090991049042,2.9767307845858335,0,0
0.2762678676813489,0.14044584763277795,1,0
0.8388260611629361,-0.10262726279456652,1,0
2.3358045702159416,0.25338086945134186,2,0
2.7589304434777016,2.064268204390938,2,0
0.6232602357816814,-1.372617798344718,3,0
-0.5912100146646004,-2.3339790788062826,3,1
1.2758622928545662,-0.9182712527065755,3,0
-1.2571447058518128,2.7377679348460298,0,0
0.5147189921630475,-1.182761087581997,3,1
-0.1262081729399312,-2.2610856704100994,3,1
3.075602799148457,1.0546036223972515,2,1
2.9997675372850994,1.071045651677415,2,0
-0.7276086988039587,-0.9890931795304734,1,0
-0.14755445151407123,-1.7129978037434406,3,1
-0.48496360774439423,-1.4698306053982553,3,0
2.125272768244196,-0.1243647464076798,2,0
-2.1980954241600723,2.5593081495082934,0,0
1.4709852823321519,-0.5326183888466322,3,1
0.3165332336088241,0.016796449719828077,1,0
1.9958220842753607,1.483608116233928,2,0
-1.364549534022266,2.8458263204585004,0,0
-3.0433395338513907,0.8784910005398661,0,0
1.459137388188519,1.173721201168153,2,0
-0.7278751881699237,-0.9369574068184165,1,0
2.061952791829976,0.8225849883331198,2,0
0.6280225017198748,0.3559575377089097,1,0
1.380032439498084,1.1523069711599165,2,0
0.010759142163375146,-0.45923799506789686,1,0
-0.46669672053818384,-2.1744401792009898,3,1
-0.5689580572026864,-1.02382631311919,1,0
-1.6017852237926167,-1.827310704725875,1,0
1.140438006479277,-1.344984936475856,3,0
2.0392512319418663,0.502992133791,2,0
0.6844643774999615,-1.682412477332669,3,1
0.3541215669613806,-1.905500805630948,3,1
-3.2168837011551985,1.4817319823231958,0,0
-2.090797983944341,2.558201239643468,0,0
-0.8145018806873392,-1.9268717350042952,1,0
0.2543422508865277,-1.4693253828432467,3,1
-2.6799578341563053,1.839594657790244,0,0
0.24737043768372635,0.43758834796332663,1,0
0.8027254236187522,-1.2908563684580163,3,1
-1.5287937334663744,2.680890240869421,0,0
1.61088870924572,0.1576664519370835,2,0
-2.641925178716925,2.2080392649205423,0,0
-1.7697149019941705,2.874055617760428,0,0
-0.030776570444164292,-0.9942005920072159,1,0
2.8457336299390112,1.3640259240946198,2,0
1.1937624459729343,-1.1565709745426687,3,0
-0.8167745099442587,-1.2549021976076522,1,1
1.341948434965951,-0.8305231344537358,3,1
-3.221908603931723,0.9338840670768467,0,0
-1.352036074582527,2.9598041047797237,0,0
1.8345975554529892,-0.5797859265088735,2,1
0.8007128591997066,-0.4522206317958377,3,0
3.2665376245766167,1.4035278403839642,2,0
-0.0582869015281863,-2.377978503098741,3,1
3.238821650508963,1.3554172318155484,2,0
-0.1834728133754045,-1.7849649969452621,3,0
1.6753029605224565,1.182992068636165,2,0
0.6957087168393583,0.023017629835649644,1,0
2.7905932005125496,1.9423217425914738,2,0
0.8898558791154307,-1.629866978901407,3,0
3.0137479116471386,1.8366398491488019,2,0
-0.6350036467354008,-0.26065046077761167,1,0
0.2741462122081531,-1.2911436001985066,3,1
0.6202859213688505,-1.1179173549384904,3,0
-3.289223263112097,0.6370661549991906,0,0
-0.9397419357805079,-1.7855769856903934,1,0
-1.952071222592774,2.7430939098343075,0,0
-3.39312024278011,0.5936923623774304,0,1
-3.2981402173887715,0.733940544051763,0,1
0.33608182942167336,0.47449869656645727,1,0
-0.7046285246009596,-0.5310839574032585,1,1
-1.3483643596682164,-1.8702667125755916,1,0
-0.3334249595271865,-1.8660357914755423,3,0
0.2524479464955408,-1.9310012526153983,3,1
-3.2526510542823925,1.2465487518023934,0,0
-3.104580620645755,0.241170152724255,0,1
-2.894201926631759,1.2373309207984569,0,0
-0.6569984240506171,-0.42782153288610836,1,0
0.7106022035436299,-1.3254821751157446,3,1
1.25032995010855,0.09935542357767008,2,0
0.5020335498360993,-1.3694090629121343,3,1
3.7005146653801364,2.1548641953192975,2,0
0.24597422392355828,-1.5605986772739042,3,1
-1.9612958949955652,2.1996556472874187,0,0
1.9990533670779962,-0.479877353190143,2,1
0.8713437769240351,-0.47637782585510324,3,0
1.062295841974273,-0.419230704195219,3,0
-3.4137480040059454,0.6013669199933835,0,1
-2.5378138927204836,1.711921566449929,0,0
2.4642148916678144,1.1094150747941605,2,0
1.2066409512627543,-1.302419871164695,3,1
-3.405496899515611,0.5982970969470023,0,0
2.5959980326748453,0.8700690894523118,2,0
0.600879109093791,-1.2365203630765584,3,0
0.09147117597809207,-2.2663168333943737,3,1
-0.26053996044488137,-0.4073054851375344,1,0
0.01626533032041283,0.046675321201395115,1,0
-2.279287805143111,2.6120668357671404,0,0
-2.1731977425327753,2.0308008557916373,0,0
0.6579630069989288,-1.110156802121747,3,1
-1.5502377371504372,-2.078287819589688,1,1
2.6184901806438554,0.8772941158882255,2,0
-0.433165399431172,-0.27852135820687474,1,0
0.39386827463772817,-0.537710189409336,1,0
0.009535001719857245,-2.0286052063768345,3,1
-2.7296849225157973,1.1547585327955816,0,0
0.9041862059252412,-1.4723001043367376,3,0
-0.06610462476255985,0.010956631224115998,1,0
-0.5416622509451089,-1.2388850574399897,1,0
0.9393813112475535,-0.723690647717794,3,1
1.2821412892543025,-0.6291983961792065,3,1
0.8880901468335196,-0.6951203126463363,3,0
-1.1066244110934622,-2.1540519665667235,3,1
-1.254918890824538,-1.6272150253835778,1,1
1.9265712025302986,1.7162345056365251,2,0
0.594426008397015,-0.1843841743015101,1,0
-2.4770107936924224,0.7791444608948996,0,1
-1.2023986870122292,-1.540240520002939,1,1
1.8902272218278109,1.2028442659213714,2,0
0.6373910215360765,-1.1005167082447112,3,1
0.8414709223428409,-0.6879624720246276,3,0
2.0501472075680782,-0.20363975081187946,2,0
3.489172137580085,1.8489602670911505,2,0
1.6556112448254652,0.5467928475650653,2,0
-1.1732907059327133,-1.6716226720814291,1,0
-2.391091659548364,2.5342044518758504,0,0
-1.5318459821961414,2.6125628480630425,0,0
-0.046756434401764,-1.2797068625233103,3,0
-2.921958675215541,1.533788113453646,0,0
-0.38034387824866955,-0.1829816857844646,1,0
1.872231808564188,0.5358499213843615,2,0
2.136994175027528,0.2283505445402609,2,0
-0.8842358328463729,-0.6208798811110232,1,0
-2.868707734062911,1.5002649838246676,0,0
-1.8826308649252725,2.3842739955783765,0,0
0.9469820724785116,-0.07370518302562451,2,0
-0.09480667979941453,-2.3252228516057967,3,1
3.4881092839292207,1.4438579019018416,2,0
2.5849147473361183,0.7491384723885471,2,1
-0.19908481644542048,-1.5525523181821053,3,0
1.5606247693364035,-0.3735242724602845,2,0
0.12324265002919566,-1.959998440137895,3,1
-2.9894741664726863,0.9867886683867538,0,0
-1.8342070150017489,3.1016485587889644,0,0
-0.9613573277402001,-1.3240510062580408,1,0
1.404978244835355,1.4995190591007665,2,0
1.16619934790637,-1.0738110779734842,3,0
-1.2204240566315105,-1.8173165633749033,1,0
0.7141262422856416,-0.7689787028791093,3,0
-1.265819796022995,2.763907940966357,0,0
-0.8830518074714471,-1.1165193013640973,1,0
3.194194546527011,0.742450704873594,2,0
1.7572168728926443,1.3095751533908595,2,0
-3.4125521444116953,0.5983211787434589,0,0
1.4681797534762497,0.5648067634800141,2,0
0.7237394445211558,1.0102333749655599,2,0
-0.9964723365194668,-0.9890651647760345,1,1
-2.595819276665631,0.960844781486031,0,0
0.7930695493793782,0.736626089963361,2,0
-1.2580190191945908,2.739649682237097,0,0
-0.2179222408958369,-1.8941527438347994,3,0
-3.2317496491268796,0.4736400064648176,0,0
-2.7016073181709,1.9446928545702544,0,0
0.12383332714797912,-1.5778096690215853,3,1
2.3039781769658068,1.4283904144672257,2,0
-2.100947229967872,2.5993790215793258,0,0
-0.9306239038369075,-1.9098919633775753,1,1
1.9884800278658339,0.42274929097185227,2,0
0.7894924926986233,1.2655130467023696,2,0
-0.5739349403041063,-0.5319310092977199,1,0
-1.5405274196768368,-1.3835046765703758,1,1
-3.3508638535532467,0.6626810249142994,0,1
2.676505248230788,2.1340141393059753,2,0
3.7565774050118144,1.794972786737751,2,0
-2.466319467308376,1.5988161369005955,0,0
-3.076013871473616,1.68617732204252,0,0
-1.4594524556851893,-1.68853406725619,1,1
-0.8608787809914711,-1.8898788925163583,3,1
3.0624193008489753,1.6808938143086687,2,0
-0.5289904826959565,-2.208971120139169,3,1
-0.7920238158916642,-2.1086060571732315,3,0
-1.4090799715950633,-2.255341574827458,1,1
-3.2902245701745616,0.7290651142458713,0,0
-3.346549005869474,0.6859434583260955,0,0
-0.7744465474214521,-0.6705460892703772,1,1
2.436938283593592,-0.09889670969587977,2,1
0.09304224713792414,0.5676214603768022,1,0
-0.564616045817619,-2.3024067441653466,3,0
-2.718073526290612,2.0227782751674708,0,0
0.5162171229798072,-1.2956069279579947,3,0
-1.2763750662876137,-1.8660069701983553,1,1
2.0772005022662827,-0.10742898444592597,2,0
2.9596802424144926,0.5476490725591727,2,0
0.9673602369179592,0.3265029882892109,2,0
-1.9002518122177015,-1.8176711232450027,1,1
-1.0164947552426988,-1.4400584956992089,1,0
0.2629967064756652,-0.036254452447828156,1,0
-0.30930770440174005,-1.0695862135602892,1,0
0.1154153304640293,-0.16734768027026925,1,0
3.178320900577115,0.8083685668137184,2,0
-0.3379503240320443,-1.9269694584529609,3,0
-0.2800573109863351,-1.0615482343668425,1,1
-3.410447562209812,0.6001389907748311,0,0
2.8230790103345855,1.1832206865793564,2,0
0.7955297411672844,-1.197758395445758,3,1
-0.20176212318485015,-1.4902463607628254,3,0
0.9745943945070803,-1.328637191052536,3,1
1.936499165029234,0.04639295706950358,2,0
-3.1741133683905294,0.7655754254234355,0,1
-1.9458441495362355,2.2176598163521604,0,0
-1.4933062116774138,2.389572680721114,0,0
-0.8198356467746852,-1.868708940740648,3,1
2.9460544739502392,1.174370537593018,2,0
0.8044018029546656,-0.619295184677193,3,0
2.236379676629765,0.23116205702825557,2,0
-1.2389518025307218,-1.1950851042148363,1,0
1.7365468096665795,-0.13606014052682125,2,0
-0.5669520863300268,-1.8966300226979371,3,0
1.6680559744010155,-0.10970499879131912,2,1
3.248579303460944,1.4015950461620852,2,0
1.7633692857977843,-0.1380343924217532,2,0
-2.0902846272694977,2.82201342645077,0,0
-0.2781538024696082,-1.7726342321644755,3,1
3.2201183979035752,1.8337192273543823,2,0
-1.8604787996638337,2.7690428207136772,0,0
-2.5688122093716044,2.008541978460161,0,0
-1.5160314161714068,-2.0949152533393205,1,0
3.282510357698458,0.6628509798473692,2,0
-0.7318229306268915,-2.3238202198958797,3,0
3.2963725240600716,1.458575625170943,2,0
1.5001209561237934,-0.8002465413918327,3,0
0.6829146691234853,0.3240997824554907,1,0
-1.7021995072784017,-1.9037162302917408,1,1
-3.1252325745862577,0.9743993387618183,0,0
0.44616797323793994,0.34421344876525484,1,0
0.7313968488781601,-0.7146894838033475,3,1
0.6739573910113563,-0.37725884613470795,3,0
1.7835857669976964,1.035056964920963,2,0
2.7599038501799997,1.1414294496403246,2,0
-1.4158507645092413,2.88552734852309,0,0
0.4667859862903296,-1.0225516668470198,3,0
0.6583307428418601,-1.7218278364335438,3,1
-2.6227232008714574,1.2888058362861858,0,0
-2.670841525563532,1.285393490757338,0,0
-1.3826137557144895,2.9601505719691135,0,0
-1.3215348145789922,-1.8043418779648637,1,0
-0.9372857103555012,-1.8441034023100011,1,1
0.9198049345862698,1.042792536461199,2,0
3.04866088740083,1.1213559867699678,2,0
0.013458741954647413,-1.6209789596836484,3,0
-0.582422206075449,-1.5888642031459177,3,1
0.649704862844463,0.47319718762486335,1,1
-2.9335507199575406,1.4258381653948573,0,0
-3.0993018977249904,0.5541730999680425,0,0
-1.2182756210582104,-1.7938087081474363,1,0
-0.22444803709559616,-1.6928658649004509,3,1
0.20915576389095525,-2.224599705584909,3,1
-1.4614350949092467,2.912349557469213,0,0
0.9776545436777948,0.3986383130562128,2,0
-0.17436122087780564,-0.8091801723209904,3,0
-2.8145125618729394,1.481036119886237,0,0
-0.15667280150522314,-1.0235722887344614,3,1
-1.4705985323150021,2.8676033407375927,0,0
-2.983497013603204,1.2305055528978828,0,0
-0.09695027900612402,-1.9439379226087914,3,0
-0.44022402318674336,-2.372018660080278,3,1
2.0305320392399566,0.22316646413592653,2,0
-0.9883945022601566,-1.6305813337370678,1,1
2.2714160284765756,-0.29807500668816345,2,1
0.6029284836511386,0.2346199559483904,1,0
2.3206799104249844,0.42770889187331446,2,1
1.9823338149115777,0.16489996391873762,2,0
0.7232401901001919,-1.259685319115653,3,1
0.4567392146868608,-2.0535423488658235,3,1
-2.9620000470970678,1.2537136992641287,0,0
2.617769519951987,2.0556724897425998,2,0
0.4251349554936093,-1.8311767457094172,3,0
-1.6914730714409674,-1.9077070002520362,1,1
-1.2970850147100026,-1.5440244414874635,1,0
-2.6660031233506554,2.1494050093842776,0,0
1.690853534948364,-1.0587359872531819,3,1
0.31308060213329825,-0.5435891323593963,1,0
1.4305440941859469,1.4451111895730437,2,0
1.6271969311168313,1.9410808470959526,2,0
0.7725916857275281,-1.7550092620566133,3,1
-1.524731989562439,3.130126576079604,0,0
0.4788633374711087,0.9796730426548814,1,0
-1.0646242049298027,-1.6169709360997102,1,0
-0.44690222592347306,-2.370164015667762,3,0
2.2646286542040435,-0.07673732406649364,2,1
-3.4290543533923628,0.6044608248362212,0,0
0.9180307985881437,-0.8318239338831113,3,0
1.7492410286463078,1.4186210305115343,2,0
0.19235849493967067,-0.5615756332718582,1,0
-0.08679229469081834,-0.9731120903342318,1,0
3.173688324577216,0.8804582486345662,2,1
-3.0434697068862353,0.9644408269370519,0,0
-1.1853517338120048,-0.945896515589544,1,0
1.5522154394243037,1.3606441425289963,2,0
-2.983403815268004,1.3480821404220293,0,0
3.237483098388088,0.8108714932778636,2,0
0.04125525251737286,0.7884820938928634,1,0
2.7251633756508737,2.3714267362981847,2,0
0.2640229665534186,-1.3575650570369795,3,0
-1.2062532736632408,-1.1901674015370263,1,0
3.8112389843274914,2.17133366000859,2,0
-2.021131008292591,1.3628941572603956,0,0
1.9971584590458995,0.3408487103584074,2,1
2.7276233009765214,1.0677522057444153,2,0
0.2728597420337524,-2.247710934716973,3,1
2.6103611807587237,1.3039735666425747,2,0
-1.4235970830045352,-2.0254932938544643,1,1
-0.6991448883571008,-1.4981997061996226,1,0
1.3304357192012226,0.9230705721312517,2,0
-1.1575068693208395,-1.9395290145591801,1,1
-2.615655272048198,1.907375002026675,0,0
0.20586450024466962,-1.9680916372558654,3,1
0.3254909245132738,-1.6601994898947068,3,0
0.017734989523308875,0.13994277577872488,1,0
-3.4331799056375307,0.6059957363594118,0,0
-1.9015068097195431,2.4422885094523643,0,0
0.6015530177813453,-1.7337019024244624,3,1
-0.5397165926973315,-2.0356151987910005,3,1
0.4467843526043583,-1.3407013362196623,3,1
-0.6546514489320373,-2.0011207130613666,3,1
-0.4356766965999359,-0.9845783335187237,1,1
1.6072681312057213,-0.9396482156747248,3,1
0.6633783440024588,0.46413877119551167,1,0
1.8407903121123737,-0.9049479872068129,3,0
0.24875784758552877,-1.9613692141706658,3,1
-1.8247073531927684,3.1019817899776694,0,0
-1.3440492301762852,-0.9628390444265162,1,0
-1.4436748213635604,2.931401311457585,0,0
-0.23410922987463978,-0.8916854000342338,1,1
-2.593479234521029,1.1714216446970973,0,0
3.7642734458819755,1.586404713747894,2,0
1.8682991707959669,0.6634556409945698,2,0
0.09841874092802905,-1.0287786155488472,1,0
-2.232879819522307,2.60634993466478,0,0
2.3361931194714973,-0.006486027863591148,2,0
3.392358528403789,1.5729299587115078,2,0
-0.21342489734725778,-1.5593452010155178,3,0
0.7963895463733115,-0.15199366387647906,1,0
-0.2641996340698358,-2.306489985916885,3,1
0.30592795274328244,-1.6996881638384729,3,0
-2.653576455570415,1.6258568717971258,0,0
-0.8268007221960405,-1.4135953184295682,1,0
-2.8043894812747445,1.5771476839787517,0,0
0.23918222882837803,-1.5788519611336043,3,1
-0.10301527558778811,-0.10669270512761475,1,0
-1.4017130178223967,2.9337512452025436,0,0
2.2727764019440047,1.929807395850076,2,0
0.47507399787691157,-1.2648706987439624,3,0
-1.413468191101033,-1.9151364945392977,1,1
-2.119569563985002,2.2008608610281124,0,0
1.8823919706294563,-0.3254006647143749,2,0
-1.4072055418985105,-0.719869534982972,1,0
-0.06128779711281321,-1.5637955208452812,3,1
1.601222343116069,0.0625975940368047,2,0
-0.4222619529820273,-1.7743146787007469,3,0
2.541321210695804,1.641913555867319,2,0
0.17686671801174686,-1.3185998850154765,3,0
2.7331076591963948,1.852591713501516,2,0
2.9234338421182064,1.4748733328375965,2,0
0.16285886282831724,0.1464665563558748,1,0
0.8026468794829764,-1.727776953022263,3,1
-0.8456315200287499,-1.4780240753100762,1,0
3.451684252761759,1.851127000650866,2,0
-3.226553872251095,0.8405262117537449,0,0
0.9996795168070518,0.49169598607459053,2,0
-0.5515787701155561,-2.3840017551694297,3,1
-2.7570839385595405,0.9568985859791027,0,0
1.913683956671817,-0.7015735634875859,3,1
-2.8689876180012948,1.7783635026122382,0,0
-0.1887886161937666,-0.11799265673626891,1,0
-0.799477997776556,-2.5108960102812885,3,0
-2.7911450702260976,0.8896540833158615,0,1
-0.9512291644143314,-1.103485818768296,1,0
2.3303420630174463,1.1155187726867108,2,1
0.6615930811231288,-0.522888215612762,3,0
2.703540758077931,0.9933311724341286,2,0
-0.37932685924950826,-2.576861225072565,3,1
0.0774363608457122,-1.2586710063768092,3,0
-1.7438713094345093,-2.0029893189115455,1,1
1.6518582626993112,0.3563185945135608,2,0
0.31173535934542607,-0.17997059460937992,1,0
-1.8555152184801067,2.4333820116834586,0,0
2.4005716664789145,0.8288957507447154,2,0
1.7008864582979084,1.2943839798335957,2,0
-2.5408957399711736,1.0232935580605975,0,1
3.413946640388199,1.8483118353687642,2,0
-1.531736269212985,2.9185133688572575,0,0
2.6786437433001242,1.5818052820884363,2,0
-3.216273543946983,0.6641046020034873,0,0
-2.1850041401831164,2.1472421556060413,0,0
-0.27389106715912037,-2.3141238800419437,3,1
-0.1483148680041228,-1.4798778386564495,3,0
2.3683925422034036,-0.17696253538536266,2,0
-2.3780432652100916,2.1225375768546355,0,0
-1.8576706270706913,2.8848978700487313,0,0
-0.1543364690900893,-2.3546387917057334,3,1
-2.102206039692712,2.776412083464419,0,0
-1.4387576178235226,-1.381338004540911,1,0
2.2186303616391783,0.20279276273601873,2,0
-2.217477073057553,2.1925153420181798,0,0
2.033517465524813,-0.6253906263255236,2,1
-1.9975007448308157,2.1515218775984426,0,0
-1.1983655845015193,-1.8142602210297116,1,1
-0.5526236076408415,-1.8034884700037843,3,0
-1.811404500971792,2.063815654684035,0,0
-0.4962032001577473,-2.3953095855202156,3,1
1.8902496082490086,1.0448626620461399,2,0
2.152105407789816,1.485546230235128,2,0
0.2268203994667658,-1.3747479214884055,3,0
1.2174577302019496,-0.2679285010814114,3,0
1.8357026286259421,-0.6423549379951798,3,1
3.1994340686318155,1.0472034205470375,2,1
-0.5616762443253664,-0.6028918291347575,1,1
0.6811759079320119,0.2906377648372255,1,0
2.5648443318917105,0.04150025481137998,2,1
-1.8822448865775454,3.0960845490187685,0,0
1.2099355216236034,-0.3843588568118743,3,1
2.5639555524807585,0.8462965272070255,2,0
1.1870196387724143,-1.027331792236672,3,1
3.395223331239936,1.7282590029788578,2,0
1.818873729901046,-0.4452291306400479,2,0
-1.6210207861331942,3.011122949965875,0,0
-2.225693559698613,2.698634477765464,0,0
-1.2377068277461654,2.5462062485952055,0,0
-2.887167717363661,1.367415215388259,0,0
-3.392295132331077,0.5933853800727924,0,1
3.208938194669487,1.5897035273631843,2,0
1.1635729326146778,0.5984243453310416,2,0
-2.806320249947365,1.1823574996861608,0,0
1.7246987445057729,1.1730335304421093,2,0
-0.43516865721732584,-1.9945888044978937,3,1
0.7906174239155257,-1.270297790073144,3,1
2.4648764498592444,1.1265689930942155,2,0
-1.8582204597454868,1.9995135483792226,0,1
2.4969598540975357,0.27584623637413036,2,0
-0.5025054109339366,-1.9901278654134817,3,1
0.7287112698590659,-1.0822241478853922,3,0
2.2350700389703513,-0.4088089459514813,2,1
0.2837019081350577,0.41386608821223764,1,0
-3.198157895012217,0.7473200809231324,0,0
-2.065352987547848,2.51890483876494,0,0
-0.19408374048315274,-1.2006131847234176,1,0
-1.3971821467069052,3.1700455087981636,0,0
0.4409453448454212,-1.6301332936244524,3,0
-3.243340623589185,0.41083002514799255,0,0
3.584091520052597,1.6308304332909191,2,0
0.4153359247843033,-1.0902575217212667,3,1
-1.0155255944037667,-1.5015176012447375,1,1
1.074217989964594,0.4160940276460918,2,0
-2.617186104784848,1.302126528356146,0,0
2.318760307899018,1.3547597544961354,2,0
1.3579498766504432,0.5898195680039146,2,0
3.765091902542546,1.9386365731877135,2,0
-2.965100303417293,1.1657873648106074,0,0
3.3177596381577152,1.2431610186756321,2,0
0.5230712272514983,-0.6847238803563966,3,1
-0.2156914633807109,-0.4056480018093467,1,0
1.5716850056079221,-1.00917264519166,3,1
-0.2015983051466329,-0.6991910680103746,1,0
-0.25040322247291147,0.08657235666570634,1,0
-1.357468762451175,-2.271942701074373,1,1
0.33563165121331967,-1.3666485071212138,3,1
-1.1847626250769148,-1.1299139424182698,1,0
-1.1231814130676951,-0.24131185604508665,1,0
-3.1600787449331444,0.8140492380367848,0,0
0.9617895914880166,-0.5985577958238575,3,0
-1.9928240991841013,2.149258590628196,0,0
0.3298556423656073,-0.9265700336827891,3,0
-0.9292645520125544,-2.402075850150954,3,1
3.78639758065569,2.134210949807428,2,0
-0.12025907430467984,-2.051038547499732,3,1
0.6282678851674757,1.4771988986167772,2,0
-2.700407677932376,1.1804745008881417,0,0
1.2672901667697007,-0.4543305336004737,3,0
-0.14497991108450953,-1.491395633062546,3,1
0.602457618765885,-0.19957053798338453,1,0
-1.9362021868045896,2.6405740682177408,0,0
-0.10424523917826009,-1.899818616008351,3,0
-3.4166776966568624,0.5998560902666495,0,0
-1.0612437622717827,-0.805975826824562,1,0
-1.1192285188954763,-1.9846763168161072,1,1
0.6332431884871783,-1.4079290527465946,3,0
-0.2156342993368195,-2.253552336453879,3,1
0.3397550345378822,-1.7623881852965921,3,0
1.2864100370040819,-0.6665376406123715,3,1
-2.8619648268432507,1.29791734965693,0,0
-1.842784785152515,2.3829095114258285,0,0
-1.4220671056965617,-1.8466086053705466,1,0
-2.1019154943522778,2.04759689987222,0,1
-2.841506369786662,0.7717381071525777,0,0
0.5713041310932991,0.31859468574775607,1,0
-3.203004500241621,1.4067791340689055,0,0
0.5963498972938817,-1.793233914489089,3,0
3.0034797553817927,1.5027502559572068,2,0
-0.015533492676083588,-1.574472147887619,3,1
0.6138330040147717,0.26108461285560014,1,0
-0.014498928967037111,-0.6345786153938417,1,0
1.3140838244811388,0.6181959843695739,2,0
-0.5571437150055474,-0.8184097070087386,1,0
-3.0541629824007495,1.267233596972861,0,0
-2.2246883029040263,1.9949667035605632,0,0
0.05022461536733108,-1.9322582210224903,3,0
-0.5229219777297924,-0.7055499900664204,1,0
-0.839517418419345,-0.00745429033891204,1,0
-1.507654808063301,-1.7029734037333102,1,1
-1.3892402515754012,2.9607394344108293,0,0
-1.142262266832401,-1.254113612313841,1,1
-1.5365367911657544,-1.844316434501031,1,0
1.3319999856860751,-0.9488589530280827,3,0
0.25592117679999415,-1.0632641685051025,3,1
1.6077843930795361,-0.08264266811313997,2,0
1.3475196539517529,0.9849121445630062,2,0
-1.5117941252389346,-1.0360438975662742,1,0
1.4177898492736707,-0.8051716382314882,3,1
-1.5790048515492319,-1.466811235064996,1,0
-2.780649515320008,1.730283303196511,0,0
-3.2055313688091895,0.8419121558179399,0,0
-0.302032190995697,-2.0457743742259797,3,0
-0.9607941693069002,-0.09591222859122034,1,0
-3.1362960033164247,0.7697559616815299,0,0
-0.44000487719392495,-2.3633980004583153,3,1
-2.998104978543926,1.7710713758880088,0,0
1.3053770547694576,-0.90987277818282,3,1
0.01350799486102408,-1.8197678614462494,3,1
3.1440006143357864,1.553685411419279,2,0
2.676382238396124,2.3723886630500504,2,0
-3.1244626098067294,0.816169465948563,0,0
1.06868318286159,-0.21821982946925955,2,0
1.063320161799429,-1.329976928689402,3,1
0.049164047152663065,-1.3299353165122423,3,0
-0.23436319281083348,-2.0613178424817145,3,0
-2.7620687400347355,1.7814281886109882,0,0
0.37766812399856226,-0.06484417997434222,1,0
-0.24354863992108253,-0.8959263595877904,1,1
0.49374220347571635,-0.908799300885669,3,0
-2.107011921582736,2.912596393529075,0,0
-2.077920501939503,1.6364274917322785,0,0
2.6142755347808593,0.5173756201773891,2,1
-0.01642523581921937,-1.0999871843715403,3,0
-0.7948454320432401,-1.2962233240055536,1,0
-0.3788251560287643,-2.117084283225668,3,1
-3.238389960894985,0.40898813132016393,0,0
-2.998105691422651,1.331865640691499,0,0
-1.396704709746219,-2.058634364461919,1,0
-0.17714806357640012,-0.9567448461465993,1,0
2.8546439889549315,1.5057882355757704,2,0
3.0631060327985096,1.07934914029895,2,0
-0.14237675755160722,-2.0845171135893104,3,1
-2.647873405682937,2.1668268480144794,0,0
-3.409622451760779,0.5998320084701931,0,0
-3.0459472254122386,1.3785250637198456,0,0
-1.1413893022165735,-1.2468134361163445,1,0
-1.8398335780150177,2.449823862124667,0,0
1.6791236447186872,1.1607686324363669,2,0
-1.5107100043319897,-2.099495906112436,1,1
-0.22955999852086062,-1.5870676783040303,3,1
-1.638559646939005,-1.8591657052735002,1,0
-3.235089519098851,0.4077602021016115,0,0
-1.732192314357979,2.4348274860098362,0,0
1.7636869453138777,0.9832934843247456,2,0
-0.26397759116297637,-0.9918852477921247,3,0
1.9149447328371008,1.7012357831595248,2,0
-1.2158135853289131,-1.3259408433037574,1,0
-2.895232582388871,1.9010624677953392,0,0
-2.4245890821793536,2.065413383364804,0,0
0.7158664285803831,-1.9800718778699393,3,1
-1.67842036180449,-2.0517164350679504,1,1
0.39894008882561977,-1.4464411108450428,3,0
-2.9136441594274287,0.8729827392050298,0,0
-1.1567685991892644,-1.3437212659167275,1,0
1.3785623442941206,-0.7522413852233591,3,0
1.3926898812436581,0.0008073130167173814,2,1
0.420875990590506,-1.8707125616819795,3,1
0.8867736649017299,0.9201492566913111,2,0
0.7790396396750554,-1.4265777611160604,3,1
-0.2440905525342065,-1.243882743533274,3,0
-1.3691603172572049,-2.0034308992726855,1,1
-1.706994177351584,2.248378065492713,0,0
-2.398513274821304,2.314194641006237,0,0
-0.15098346785638844,-0.5162767933769127,1,0
1.4375052348963826,0.9056327046409021,2,0
-3.2043994974515395,1.1816182740261265,0,0
2.795990457480526,0.6246412819499438,2,0
-1.484526177015849,2.5747915054113166,0,0
-3.3726069104630896,0.6436455680399251,0,0
1.8981860979942924,-0.009972112307280068,2,0
-0.7990375477198399,-1.4090391083177314,1,1
2.055467020323988,-0.003691195291381788,2,0
-3.1934540243567926,1.1841761229770396,0,0
-0.6311434335314332,-1.0697567098450398,1,0
2.2679612096266712,1.9268994702535587,2,0
-1.6084370613177184,-1.9680373749369553,1,1
3.155631528922498,0.8979922401102229,2,0
0.6554567567923781,0.423106756942914,1,0
-0.7387484123231907,-1.117422434415062,1,0
2.4042915940048624,1.7142785654347399,2,0
0.9434501405779434,-1.040831668949538,3,1
1.0888210542770786,-0.728053267934001,3,0
-1.5316312783833927,3.0476400054891837,0,0
-3.439806102260303,0.8118354819762921,0,1
-2.1445424679097314,2.208606649108921,0,0
3.0012620517515067,1.2436030622807652,2,1
1.1131200014985478,-0.20163548352424332,2,0
2.4897411803758756,1.1604693508175148,2,1
-1.9748005614618747,1.4966854074565392,0,0
0.926148609226894,0.9618959779055055,2,1
-0.9897716411287176,-2.318162075710518,3,1
-1.9887950500384575,2.672100413127647,0,0
-1.3702243927142694,-1.6363911142218657,1,1
-0.10991039575099544,-2.376636379046494,3,1
-3.1301284866266204,0.6281187685676695,0,0
-0.46091607089532366,-2.487704669656825,3,1
2.5258531876497385,0.8143278731048691,2,0
-2.9411596180739568,1.274859083567336,0,0
2.3303664036384624,1.3947502087027563,2,0
0.31365988038311987,-1.5895961461153525,3,1
1.5684874929623494,-0.9752190699154601,3,0
-0.23959418375505798,-2.210353311973776,3,1
-0.34154791749739527,-1.0997076927236376,1,0
1.1557967975150514,0.28368199536655925,2,0
-0.28426039056959096,-1.9035817959492534,3,1
-3.185102745369648,0.5002093991843505,0,0
1.6230337430502668,-0.19009894180517573,2,1
0.006382846891385546,-1.9254220984131207,3,1
-2.72903162925144,0.749042534405151,0,0
-0.2858455823207596,-0.8899625078927673,1,1
2.0325216009580696,0.014292213178947522,2,1
-3.225242201014051,0.8453241015207711,0,0
0.5681547400562581,-0.5949350633852418,3,0
-0.7099633378456163,-1.1100841093848328,1,0
3.696707590085958,1.892412983664662,2,0
-0.7340202459661922,-2.596651678549553,3,1
-0.8265004696261633,-1.817226623119349,3,1
-3.1302518929632064,1.2939990653516167,0,0
0.3317209845686731,-1.1590018655488814,3,0
0.763700624091225,0.8736465490511982,2,0
-1.294282781458176,2.6554359178156632,0,0
-1.4789589977429494,-1.8162650458234826,1,0
-0.276726087680855,-1.8640622688101234,3,1
-1.9000528601177975,2.177965782300557,0,0
3.5381501055353355,1.273134573177733,2,0
-1.798101435171634,2.3443046477357337,0,0
-3.3525932114910355,0.7163783870972258,0,0
-2.569935511367851,1.8442575419524345,0,0
-1.590456228064929,3.091297161209706,0,0
2.038771207616142,1.5180644019264515,2,0
1.0255769857578312,-0.96056334112698,3,0
-3.4137480040059454,0.6013669199933835,0,0
-3.3937402775032237,0.6502145559416588,0,0
-0.0796209254734313,-1.867307454379642,3,1
-2.6874429450959147,1.6104305858511658,0,0
-0.7631632724126776,-1.5021978885754927,1,0
2.891082638471021,0.8968963810299159,2,0
1.7569122920870714,0.39623244197896157,2,0
3.78488360468431,1.9526107369383903,2,0
3.511495603542438,2.092637369785474,2,0
-3.293596187131724,0.6373408265661471,0,0
-0.8229854546100266,-1.260850543456909,1,0
3.695600157971099,1.3538485674407044,2,0
-0.414605196927321,-1.6680534007148584,3,0
1.003214757807384,-1.5474595334015957,3,1
0.29361632121187914,-0.8858861236896189,3,1
2.7458180329399045,0.528932411270198,2,0
0.5547402490726872,-0.5446449179139715,3,0
1.3215109802336291,-0.49832902841312343,3,1
0.9557510073071713,-1.2248361286714022,3,1
0.9507839855263001,-1.3209399264442347,3,1
1.4919576332937918,1.4741793752167835,2,0
2.938853361041385,1.5485369283520904,2,0
-2.7845190817357683,1.845924641680338,0,0
-1.0080357498618093,-1.5911946159528154,1,1
-0.7073879047179119,-0.7243335728765563,1,0
-3.1178322411593995,1.426689751098983,0,0
-0.17732956165792801,-2.0305790461489828,3,1
2.199171478862105,0.6341894205248372,2,0
-0.13561474327575085,-1.3769498839403695,1,1
0.03713432138624234,-1.6285950028231782,3,0
0.03215143521840466,-1.8194999958240594,3,1
-3.0430046841919896,1.7283887408908603,0,0
-2.4361462351762997,1.5233366907167243,0,0
1.0523155786129332,-0.201505145182176,2,0
2.537414304374266,1.8647932092891546,2,0
1.3945356381495688,0.8747491285523201,2,0
2.6417305568859866,0.9497305002672719,2,1
0.5462335285039046,-1.0919295467302874,3,0
0.23334919456864633,-2.0605937701592625,3,1
1.121982587988328,-1.2438479485583844,3,1
2.5096523593233617,0.7296972877101506,2,0
1.7443537267544453,-0.4259313230369851,2,1
2.5125644394915883,0.3040582321918554,2,0
0.5374986076189074,-1.56732693594069,3,0
-0.62834741105505,-0.3771504731140648,1,0
2.068200979607611,1.6133900031866133,2,0
0.9721837137882348,0.7190358011219788,2,0
-0.09561224138027144,-0.46042029467060785,1,0
0.10776918546494263,-2.221116968944955,3,0
-3.1439131501362323,0.9760231215356431,0,0
-0.8032005171258967,-2.274544266528366,3,1
-2.8566388108921807,0.8726565980624532,0,0
-2.6516123392866526,2.087595985498752,0,0
0.0007149518723509884,-1.6854999034721614,3,0
1.2069737877707787,-0.42620699640434756,3,0
-3.1955815411703683,0.4759016385777078,0,0
0.9567732395062634,-1.3197521034797237,3,1
-2.0604334562636364,2.157933497992217,0,0
0.04294436345493716,-0.43690828981479113,1,0
1.0071539199474466,-0.8082087844539187,3,0
-1.4999835684945553,-2.1034866760727313,1,1
-2.366765349479199,2.3471837482782014,0,0
2.9065439429673456,2.170382647807471,2,0
-0.9637081354763701,-2.1021391431089587,1,1
1.388084441592492,1.2516761902341944,2,0
3.450571622726135,1.173153083839647,2,0
-3.228945809586563,1.1362685732781395,0,1
-0.27495285062896113,-2.08765276105139,3,0
-2.750528565780314,1.3114325593319438,0,0
0.06516041583552032,-0.999683538070246,1,0
0.1261627642024193,-1.445096216090136,3,0
1.340706769053095,0.00494951171547775,2,1
2.0324879472592396,0.1248778423694058,2,1
-0.3298146995728236,-1.6640912087418773,3,0
0.010192379648294503,-1.4164845988232615,3,1
-1.3753510801022037,-1.6306765784476467,1,1
0.23330980277937308,-0.7566590225431895,3,0
2.2962637018273844,2.081216400491216,2,0
-1.351692989307941,-2.274091577206839,1,1
-3.3049305900803856,0.9643655098229601,0,0
-3.376381769411101,0.6437866444366704,0,0
-3.0454414442731443,1.295370103050598,0,0
1.0366353188720157,-1.3828058529897556,3,1
-2.749086394238359,2.0773259988916,0,0
1.6820028620109746,-0.9405713724903997,3,1
3.5284880448923697,1.8637734013990737,2,0
1.090948629407414,1.329508876034545,2,0
-0.044252274777850875,-1.7463103738152468,3,0
-3.213898036210917,1.0950254239892852,0,0
2.0694453630305922,1.2633145176503549,2,0
-2.4628206864508972,1.7036935725476274,0,0
-0.8561246607242203,-1.1835275874438957,1,0
1.5244984061376996,-1.2146838601763925,3,1
-2.427280959952243,2.0535308921137534,0,0
-3.0986436764711516,0.8777001465628806,0,0
-1.0376211087189249,-1.833069930580763,1,0
-2.757118759272539,1.6360418689547267,0,0
-0.5843697244523356,-2.321138702075925,3,1
3.20643545375235,1.3554241163698273,2,0
0.7866193694268617,0.4702665327896968,2,0
0.47625031465112827,-0.7180518059005288,3,0
0.4328386926188939,-1.5084868142159074,3,1
-0.07254592800142695,-1.0131016821329863,1,0
1.8576599447668867,2.0123855208923453,2,0
0.9243522431268716,0.5859262983526621,2,0
1.8529843803812056,1.8551034529204697,2,0
-2.9850633509268483,1.4922168064305428,0,0
0.7168589341597409,0.08014165286766789,1,0
2.37243209540563,0.38514014646608496,2,1
2.531910744341698,0.30444754557665654,2,1
-3.4150274757587957,0.5992421256573733,0,0
2.261193427811088,-0.3613176594895815,2,0
3.231554684233766,1.2163208533233631,2,0
-1.7299168136068344,2.4629359526881744,0,0
0.15326204960161072,0.4433599058316736,1,0
0.9516367407364397,-0.680727639940397,3,0
1.532200397307834,1.5016759253894914,2,0
-2.872268482579081,0.5282032966458576,0,0
-3.3557630230055655,0.921083787957614,0,0
1.240107417683478,-0.2155625008916331,2,0
-2.2220223819461786,2.3148878907065225,0,0
2.1532805042001333,-0.060961573203257347,2,1
1.6690026340685877,1.652917460264215,2,0
2.159810707368718,1.7772160299263708,2,0
-3.39312024278011,0.5936923623774304,0,0
-1.0446808987829286,-0.8012788900551542,1,0
-1.7244394078029244,-2.007618135277574,1,0
-0.46506464112561186,-1.7579524511388984,3,0
1.8251116008762391,0.34743989077354775,2,0
-0.6204251604015045,-1.673803900131291,1,0
-0.7289969374528604,-1.4353617332649187,1,0
0.0793252762433852,-0.13603298149603404,1,0
1.385707913639297,0.6310137520715959,2,0
-3.011418087366747,0.6713413239088832,0,0
-0.36979023802778777,-2.0633885798364853,3,1
0.29675543637472923,-0.24570373519544353,1,0
-1.112836727015153,-0.556566819277528,1,0
1.159217670555298,1.5145418711909089,2,0
-0.48630187476934617,-2.3989933731758732,3,1
1.9529435546055767,0.4353468857360608,2,0
1.3140077060590225,-0.5459062914568068,3,1
-2.5172405608879207,1.8023104748125016,0,0
-1.8569544830949374,2.8647295985549004,0,0
-0.5885887165132258,-1.8064936644127398,3,1
-0.6505273809129414,-0.29830978420192844,1,1
-1.6590334562089266,-1.6444907346946336,1,0
-0.17574591139819049,-1.5713437171836675,3,0
-0.42493053777997686,-2.17945487272363,3,1
-3.1722971518277245,0.9094971777693059,0,0
2.671301518422017,1.228881117478317,2,0
-1.508605422130106,-2.097678094081063,1,1
-0.2662429387509253,-2.211077958798338,3,1
-1.438803851143985,-1.522661175310857,1,0
0.9413295181342805,1.5661738659502131,2,0
2.53587497786569,0.11460681878591866,2,0
0.5991780091701533,0.21289736525819278,1,0
1.229814879118504,-0.19369258268659462,2,0
3.0327117046944316,0.3923802037038351,2,0
3.866758648293558,1.8566537305785449,2,0
-2.565541057654723,1.6309276107006694,0,0
-0.7109112435574567,-1.5874042105394757,1,0
2.618090285714801,0.4652068128562163,2,1
0.7707107823403034,-1.649464490988653,3,1
2.095209792859596,1.7542881239729406,2,0
-0.9924026003941446,-1.8285800524545197,1,1
0.6966287453785318,-1.3767116894614422,3,0
-1.7701175440911725,2.197688835566,0,0
0.9849403048007921,-0.857881351262644,3,0
0.21613362157024602,-0.24102112153701183,1,1
-0.15555321170563657,-2.282989283894876,3,1
-3.418327917554929,0.6004700548759258,0,1
-3.2896317418938748,0.7782937060427301,0,0
-1.5769459810286566,2.446326982315231,0,0
-2.084111571786921,2.199595416459518,0,1
-0.3406381224406021,-2.1766261943280005,3,1
1.1004915348010234,0.3473209069722227,2,0
2.0462054915044336,2.0432078318451605,2,0
-0.2679954537468465,-1.6106391953526649,3,0
-0.5018611434658904,-0.8948674756841577,1,1
0.8229753857269198,-1.8986348201730465,3,1
-3.0746306593166897,1.2614381669038348,0,0
-1.6358183138718763,2.812350134152468,0,0
-0.4139814981089117,-2.5639679682777645,3,0
-0.32489473237706934,-1.4761319688686296,3,0
-0.183137024486625,-2.222448050468646,3,1
-1.1099046813449778,-1.3392436052079562,1,1
-3.188086550074092,1.1057195230013723,0,0
1.7257722993448301,-0.48240888273747706,3,1
-3.2826223795198293,0.6346102965620856,0,0
2.0976966009787765,0.9182368080298774,2,1
-2.023809971633027,2.8846801135275832,0,0
0.6760585067314375,-1.0655284510182266,3,0
0.06962994693359764,-1.857871439053443,3,0
-0.9899802225141481,-1.6445603199464298,1,0
-1.385906579500108,2.9597787802446884,0,0
-2.0127644890896357,2.150442206661537,0,0
0.9270078381236744,-0.19603904768845648,2,0
2.6150095869269023,0.630534818468031,2,0
-1.8984895012886014,3.027463091816484,0,0
-2.260451598631481,2.5595650933239504,0,0
-0.5437526238355476,-1.3069421502464504,1,1
1.3023071246781088,-0.5155370580401324,3,1
2.6126224459844596,0.6006286647680994,2,1
2.172946535774061,-0.20010608401928232,2,0
-0.41557733741617425,-1.9860402769132135,3,1
1.1989805401555238,0.9445011136102739,2,0
-1.6571459858407889,2.8537686787776675,0,0
-0.2359771605826676,-1.2899143945736287,1,1
-0.26167241532566077,-2.314010558316366,3,0
-0.335122980902606,-0.38090522011486916,1,0
1.872041517041169,-0.6173301902764949,3,1
2.080956769432956,-0.29351264994400195,2,0
0.5955404621846758,-1.9297747672075627,3,1
0.08330571433865608,-1.5794644471453871,3,1
-0.38749690090528965,-1.9544758481468054,3,1
-3.3983806286344556,0.6200321308616531,0,1
-0.21532883312831502,-2.1454240952933468,3,1
2.7237859414567978,0.9239010662193123,2,1
0.7408447188815985,-1.3338629446907233,3,0
-0.7527488914142102,-2.453231697635829,3,0
-1.5428117431091364,-2.0810506603314307,1,1
0.8265174859267377,0.6022971487836628,2,0
0.3400643368464758,-0.044161990957158004,1,1
-3.1462515341821997,1.4992781165193418,0,0
-1.995514855337271,2.2896752052893206,0,0
1.6964099516311275,-0.6932732276878062,3,0
-1.442834047595151,-1.4782777667556493,1,0
1.471719502591597,1.1355354471137349,2,0
-0.4642330333224623,-2.399165591468769,3,1
-3.052380738676623,1.3786749252045438,0,0
-2.910061185948503,0.43159460491470086,0,0
-0.6411305924462048,-2.1321092577261664,3,0
0.3584352811178873,-1.5363798284940147,3,0
-2.0273838394729506,2.5649318814535533,0,0
0.012349718684623617,-1.542788971051092,3,0
1.1381781858901874,0.06428609198871454,2,0
-0.1196180086976677,-0.6002742357619015,1,0
1.6144878204329802,-0.5452372919910107,2,1
-1.753237179823212,2.8155958016996667,0,0
2.3917452173651212,0.7199656780406258,2,0
-0.37386179025612853,0.15321990441546354,1,0
-0.6081963779421712,-0.976508686543869,1,0
0.04263597819047929,-1.3290586289458364,3,0
2.363245907151598,0.4509135384227034,2,0
1.7349442760756826,1.058187925297458,2,0
1.705733499333209,-0.008468526804570164,2,0
2.788772723488201,1.8752359549887647,2,0
2.751461292952887,1.9351260606873963,2,0
-0.5302017314114127,-2.074393926060017,3,1
-0.8488520458876532,-2.435894292960321,3,0
-2.0968379913930724,2.4894922671779645,0,0
1.1258902647393818,-0.029307677691194856,2,0
0.38738223322886817,-2.0774102824174037,3,1
-0.7022829759469802,-2.373514313054166,3,1
2.1165056598295826,0.22283874326564967,2,0
-2.899373672709936,0.43461124858527617,0,1
1.7891305466972953,1.5177188814383273,2,0
-3.3580920251977964,0.6617991838489318,0,0
-0.41611197290241164,-2.3403314779610547,3,1
-0.42104605104848936,-1.2307961028939307,1,1
1.5152240300290278,0.5944674383616475,2,0
-3.1899617487809,1.4039310949512402,0,0
0.671763326970036,-0.2682098498434081,3,1
-0.08245229611842572,-0.48067818263620254,1,0
-3.3992615291927826,0.6211077788170934,0,0
0.41235695524916366,1.0850341630620541,1,0
-0.45603003799430125,-1.6109998022144467,3,0
2.697682980113105,0.6794941751074024,2,0
0.16926353793567867,0.4019539213733436,1,0
1.494402961635444,0.8382929367530771,2,0
-0.9428179142689697,-2.342133002975009,3,0
-0.44643483195793915,-2.490491592195024,3,1
-1.698899065482268,-1.9049441595102936,1,0
2.2319421085495783,0.040146891946393704,2,0
-0.6662509395275478,-2.138297034448855,3,1
2.517063504458681,0.5079191441778366,2,0
-1.2245598565379843,-2.005586313675444,1,0
-0.012835411863903301,-1.7545196648284416,3,1
-2.024896418521246,2.457654563222899,0,0
2.090617311919121,0.9587090109289484,2,0
0.2270636301574973,-1.1577166686065046,3,1
-3.4219991084962795,0.6044367430397648,0,0
0.47904348095237353,0.17545436793650132,1,0
-3.263993697845525,0.6218884699437208,0,1
-0.39049924328247954,-2.302710482641066,3,1
-1.5072446630899705,-2.0271236335152567,1,0
0.2201025046199629,-1.1353365960749382,1,0
1.5890993957941806,1.4055555685957621,2,0
3.8592548767002532,1.8348130007309669,2,0
2.898101171554186,1.668779468744801,2,0
-3.4175028071058953,0.6001630725712875,0,1
-2.213439911441681,2.6512783652948944,0,0
0.6967232833666093,-1.3504293598859554,3,1
3.246996375431429,1.2665907044210347,2,0
-3.1209044271296364,1.208487966767294,0,0
2.667817362221573,0.15540859499739476,2,0
1.4115239287091343,-0.6762668436938843,3,0
2.353839141124001,1.7453216876567246,2,0
0.1769877101631066,-0.18111629401365115,1,1
2.568781742690087,-0.03992909685196111,2,1
-2.0086252111212777,2.0239189299445,0,0
-1.0218088982575646,-1.2756294178871503,1,1
-0.19221786362285898,-0.5136480440721194,1,0
0.9004054214526174,1.267174553180313,2,0
3.0194747643690136,0.8766632659242313,2,1
0.32144035377804153,1.0310562493633655,1,0
0.9705784185581481,0.7326449215697108,2,0
-3.040063505730879,1.2913781863737963,0,0
-1.2335771848560355,-2.039263622368929,1,1
-3.3162575306282753,0.9596194474019016,0,0
-1.51407513076068,-2.2679213110473286,1,1
-3.121554215689151,0.8872998286322786,0,0
1.3631771396089243,-0.2686340859050843,2,0
2.5416683200549905,1.9089685716439058,2,0
-1.2378984150974708,-1.7662566939821318,1,0
-2.851256603317324,1.1977651401583507,0,0
-3.263706279916702,1.1206511747253325,0,0
1.021696556226444,0.03558591644376602,2,0
-1.791516851438241,-1.4483048444642008,1,1
2.377774302351436,1.0891308841371838,2,0
-3.1225055917071987,1.0629534685250999,0,1
-0.30973739637882647,0.6911113891790214,1,0
0.42560162664778006,-1.3694490938919022,3,0
-0.9907877831025391,-1.941825649826032,1,1
-0.39039982055761335,-2.22296643882747,3,1
0.25347533150520163,-0.5009333341067551,1,1
0.8922457743997789,0.5964069823671656,2,0
2.6742977707383937,0.8087220103476971,2,0
-0.7377750490661423,-2.5978555259716494,3,1
-0.28528562034747856,-1.6480210117017189,3,1
-0.9401901630793073,-1.0284077919886667,1,0
-1.1235809813779474,-2.1503440971146093,3,1
-0.6560439971335473,-2.5434976219859022,3,1
-0.670086724498177,-1.6533096216096264,1,0
-0.4060586549765407,-2.467493372722326,3,1
-0.6330175617106444,0.05900414956236627,1,0
3.068228212348777,1.4665489246794465,2,0
0.9811672979357304,-0.9870786150786617,3,1
0.5018437682517456,-1.3812319012986918,3,1
1.0372235001254446,-1.278783573769589,3,1
-0.48821819304798425,-0.9750882038012534,1,1
0.7713425927616966,-1.3596120837829306,3,0
0.9863662897196035,1.3116362177803986,2,0
-2.384895046231707,2.4179234663932787,0,0
-0.4295770203823997,-1.9023355713668144,3,1
-2.459821630370753,2.1536302998019385,0,0
-0.43324958540440967,-2.4080921600997316,3,1
-0.8442514178827865,-1.1927928720559626,1,1
-0.2016878587042656,-1.976532007065969,3,1
-3.0080290661899434,1.0400987836294708,0,0
1.875154000745315,-0.5077580355221541,2,0
-0.24748098343321304,-1.998101840980856,3,1
-0.3790633665650305,-1.2774536348088983,1,1
-2.1985009777164595,2.3514097875829885,0,0
0.10164699910561281,-1.5802986721002596,3,0
0.22696273176101778,-0.7531066500492123,1,1
-0.6534167956664787,-0.8721536713934497,1,1
0.4230831502011569,-1.8633258373783248,3,1
-2.2035025609745933,1.653910313436989,0,0
0.35412143453982553,-1.3491539418470537,3,0
-2.3714632266810214,2.487138236210031,0,0
-0.003483862852033004,-1.7266314851358093,3,0
2.08306439377606,-0.2219601646292173,2,0
3.234019258024557,1.2879078008966816,2,0
-2.0764147632851597,2.7878791732034722,0,0
-0.1728306013972117,-0.4734067313361239,1,0
-0.4697996657886778,-2.405133019268635,3,0
-1.149000183227212,-1.6422510495538305,1,0
-2.4904052696956502,1.5529516713407792,0,0
0.3096442358618767,-1.1660916629791613,3,0
2.139541916600614,0.4707476064790422,2,0
-3.1128412902057447,0.9791818054749394,0,0
0.6123416430291135,0.3848670345388621,1,1
-0.367031670865641,-1.7168929022322186,3,0
0.4932279918087505,-2.014195721825833,3,1
0.8494510070659751,-1.7505113453680725,3,1
-0.45844073954822345,-2.488625616570739,3,0
2.6834586137951786,0.872033997192827,2,0
-2.238331403654108,2.579072049837447,0,0
1.1684374625913172,-1.5524047833708443,3,1
-1.1479895953817318,-1.6160250463672343,1,1
0.40677563250359633,-0.24492192556127812,1,0
0.611364785036987,0.5488343472349371,1,0
-1.1289023932173645,-2.145763444341494,3,1
-2.786966434878033,1.4779838991776406,0,0
-2.999203047096904,1.7940466706384752,0,0
0.3890806973795338,0.3185127598587872,1,0
3.6747748424275746,2.372059949972395,2,0
1.7546655730329195,-0.24630689332372968,2,0
2.9881841795831487,1.4512551137563297,2,0
-2.13008911673259,2.4672757913683574,0,0
-1.3090794792797562,-1.1950223118163035,1,0
0.47476482801479764,-1.1898512944957973,3,1
1.9241965327803892,-0.5466842729675473,2,1
-2.3311601531392383,2.5374859777229846,0,0
2.158589935901155,0.7856156263249414,2,0
1.343882546454337,1.1993810616890155,2,0
-0.7767868261019701,-0.03848372546440221,1,0
1.62415986993446,1.2428012696339714,2,0
-1.751330581811804,2.806742207952052,0,0
2.211174017842801,1.705467592407652,2,0
-2.747480794029388,1.5687243461224407,0,0
0.29600393402825254,-0.20977447166559127,1,0
0.3342572653902102,0.8918294539390599,1,0
-0.5070513287154699,-1.6482310643909839,3,0
-3.2317890773027176,0.4065322728830589,0,0
-2.398035152711758,2.4164550163879888,0,0
2.8633373643131064,1.1814394832859758,2,0
0.26338588341858127,-2.050310433254512,3,1
3.5002183224965036,2.299264360723563,2,0
-0.40040898177916023,-2.571618444097261,3,1
-1.4000051515423528,-2.057406435243366,1,0
-1.697442574282906,2.677611915318904,0,0
-2.0497692311970694,2.3627142409023385,0,0
0.5743702107444144,-1.6650537111859272,3,1
2.5053236223106246,0.8922285732671758,2,0
-2.705776438842127,1.7039824917696411,0,0
0.2348926962034376,-1.583394882031908,3,1
0.605777231146247,0.15132934316585162,1,0
-2.231965707964374,1.8377762454090436,0,0
-2.8439833634228955,1.5292056336472712,0,0
-1.639566473147068,2.749508521544028,0,0
-2.3150579175667683,2.1601916697184675,0,0
0.39796166484674406,0.2839335344578194,1,0
-0.7530693891826126,-1.2199244418953954,1,0
-0.6041602899043389,-1.3731784498997854,1,0
2.757132782419874,1.1834105970179183,2,0
1.6520407065277958,0.6646653774710638,2,0
0.11793910888785508,-1.7370075369775722,3,1
-0.9083997470998071,-0.8718717875835078,1,0
2.109781554561729,0.2930496897917561,2,1
-2.2876716679183393,1.7703355702416448,0,0
-0.7204678756110365,-2.4270700706546897,3,1
2.499099510295603,1.490251361005855,2,0
-3.0585205844801613,0.7177081274541828,0,0
-0.10213360243223758,-1.2592330801836078,1,0
-0.1501554136883071,-0.44796024550493363,1,0
1.8496046906095034,-0.14016580680665036,2,0
-1.4385707095638873,-1.639157014342674,1,0
1.103363182924996,-1.539608524839525,3,1
0.21953162106514806,-1.3351399240947572,3,0
-0.3715997075130642,-1.9918557401770942,3,1
-1.4041401125186421,3.170684943777304,0,0
-2.6125823325758124,1.5840205251875823,0,0
-2.068792526502744,2.822631705269658,0,0
-2.718322543863804,1.3759941034551075,0,0
0.38233673654554806,0.7460536049956452,1,0
1.850264639533579,0.2863337687206913,2,0
0.7437282162337882,-1.508880691595961,3,1
-2.31294954410849,2.629913702042405,0,0
-0.3440289049537405,-0.2066327191265639,1,0
-2.1362132508793996,1.852711597875907,0,0
-0.6031222420740254,-0.804358349953598,1,0
1.6000124961989552,-0.9590450551818739,3,1
2.633077829815197,0.9372950836912011,2,0
-0.44505134280689274,-1.7239835531691237,1,0
0.7275446960036267,-1.4409068168582657,3,1
-0.41925899477235723,-1.9402282546965168,3,0
-1.59988390457119,-1.8366331346437008,1,1
1.3969904595416769,-0.107468250126871,2,0
0.9338909395850807,1.4247370551376197,2,0
-0.43563988269869897,-2.0063606091978343,3,1
-2.655232966929012,1.7525419983856538,0,0
0.3781356870530221,-1.7330022586861695,3,1
-3.3845759511230322,0.6731786657913682,0,0
0.7526576289904205,0.5218337930596036,1,0
-2.8161758970628967,1.323899563156572,0,0
-0.9199271634035926,-1.1999458288666356,1,0
-0.7333336147243474,-2.2224933798661297,3,1
0.7719734922849559,0.5806093367049465,2,0
1.2838940521952968,-0.02056397664956583,2,0
-3.2082417959252942,0.4542954757879408,0,1
2.492476365584526,1.9037571330263101,2,0
-3.0222617260695785,1.7516368979652572,0,0
-0.014762711263347522,-1.372908418555502,3,0
-2.416416161824475,2.321470029517905,0,0
-0.9380348274340538,-2.090343842752861,1,0
0.7321357065704266,-1.2004249970735306,3,0
1.4385815609395052,0.6747129581409217,2,0
-0.6005177049187922,-2.2304266659589462,3,1
1.390082475559322,1.0384678245159882,2,0
0.7290219756516934,-1.270492412343165,3,0
1.7093436548888516,1.428898016370198,2,0
-0.032371393324503256,-1.8324102772007136,3,0
-3.0987805197756946,1.422704168308315,0,0
2.932143957441672,0.9767936611147603,2,0
-0.6001579444273493,-1.6454735533743763,1,0
-2.4806166933158,1.7772873160537044,0,0
-0.07574459156999921,-2.3515027617751,3,1
-3.3918632090100584,0.6212895828371696,0,0
1.6375917818387702,-0.5298702332250729,2,0
1.1613711190123779,1.046761626569341,2,0
-0.5540624632996567,-1.1666987840588379,1,1
2.148030906712048,1.2707272764295903,2,1
1.0481329521924978,0.8504394248344149,2,0
1.8812727265680682,0.4373014987322734,2,1
-0.06815365352324304,-2.185305079166505,3,1
1.1262913752185504,-1.0962166204020791,3,1
-0.6480273661736217,-2.1142852247749424,3,0
-2.780453545804653,1.3025078040299332,0,0
0.8803024113988591,-0.5085055621238912,3,1
2.7690826318709236,1.1997008527379307,2,0
-0.673305698307906,-1.4226893803194347,1,0
-3.419153028003963,0.600777037180564,0,0
0.8090978514805149,0.5840177632241378,2,0
-0.9223148099555476,-0.5993365599773419,1,0
-1.9439551315668862,2.5576616793174898,0,0
1.1879603694345926,1.4597427191314198,2,0
-1.2172497148175123,-1.5821783538628098,1,0
0.6481848842840705,-1.2498705947874866,3,1
-2.5867731776246434,1.8485915812856861,0,0
2.1916051818604054,1.9410659751527755,2,0
3.2556496741107317,1.3180290337425906,2,0
2.6218058551613295,0.45057465225835575,2,1
0.030257229808410696,-0.34576478152298973,1,0
1.18726370543632,-1.1221460506594054,3,0
0.25278196565011235,-1.3872903873269684,3,1
-0.12084732135342223,-0.06602793624875031,1,0
1.574647458559529,1.668662841305104,2,0
-0.9591422901729483,-1.0801433427120124,1,0
2.4986837331007306,1.5098842755290403,2,0
2.1689044323125812,1.849886532789963,2,0
2.444237994422542,0.18343638659918507,2,0
-1.1643504287259046,-2.0981855817756196,1,1
0.13491557169368718,-1.9514902447250944,3,0
-2.4205248610468897,2.502962657733688,0,0
0.21304224916290898,-1.1362219468432821,3,0
-3.403164951795739,0.6219738481156795,0,0
1.0049084233228487,-0.9207328322690926,3,1
-0.9922492769223894,-0.7084224976354054,1,1
1.8838732334862012,-0.5371173461092935,2,1
-3.0855985023554777,1.358811188411379,0,0
0.2632111014682485,-1.5983808852805212,3,0
-1.5502377371504372,-2.078287819589688,1,1
-3.2360418740207675,0.9087908728166542,0,0
1.2676648933584056,-0.6229818219736403,3,0
-2.404261344912831,1.3375199111754892,0,0
2.728136281875454,0.6242412770557954,2,0
-2.689380349958968,1.0099060353421083,0,0
-2.4218736751290417,2.140126730683069,0,0
-0.8232441795242607,-1.0323049085373919,1,0
3.0504396969936716,0.7352196502329702,2,1
-0.6977427117787718,-0.8563921505744387,1,0
0.06632352273677225,-2.2509268442281254,3,1
3.359392258585752,1.366186957552805,2,0
-1.1025943094331874,-1.9842003758237665,1,0
-0.8363355750829282,-0.7085932080309008,1,0
-1.9282795626950646,2.570894657687223,0,0
2.313096758431813,1.71611959792799,2,0
-0.01210515414071453,-2.3002008564246843,3,1
-2.6729327854728635,1.6270751219020225,0,0
-2.3251681027282984,2.3095374459047715,0,0
0.29813966773206807,-1.54749169542829,3,0
0.921460219645682,-0.5308148006701944,3,0
1.52685513999889,0.7633798376825245,2,0
-2.906559318955344,1.444012518872875,0,0
-0.4877321880711201,-2.18444744081384,3,1
-1.3751675026995018,-1.8359764617152046,1,0
-0.5368491004641338,-0.6869059780504756,1,0
0.9448074146719434,0.19945468541622008,2,0
0.9178438306004295,-1.5201051181001601,3,1
-1.0526168262380078,-1.9672515034853515,1,0
-1.0477963399886245,-0.9130838748902035,1,0
0.19527552724658676,0.14020754400412477,1,0
0.07788232027948694,-0.3230580632994188,1,0
-3.2235952507014622,1.131458079237437,0,0
1.3978917567581162,1.051636613835125,2,0
-2.775869097436859,1.2936361047292688,0,0
2.869135512115426,1.2532379942581313,2,0
-0.46274442089259393,-2.4051571010650914,3,1
-0.7643572745003941,-1.3874080464251863,1,1
1.6464821201292195,0.03697656621437456,2,0
3.0706204433329756,1.8069591383446992,2,0
-1.9134535794022363,-1.812759406370793,1,0
0.8066017267710077,-1.4964457964802125,3,1
2.402657532007235,0.25529416512746045,2,1
2.9140561096861974,0.4542904281835249,2,1
-2.605372917665498,1.1102724259128243,0,0
-2.4328145362402225,2.0416592090199357,0,0
2.9711630765529744,1.3844444332528423,2,0
0.16406344352487595,-0.9440829504292743,1,0
0.6927466356574801,0.284283081617455,1,0
1.6810306930229375,0.6267054203031088,2,0
-3.1198545298268816,0.6534755481159356,0,0
-0.3693295439566142,-1.1358815169508552,1,0
0.2332716615122395,-0.42456552676740233,1,0
-0.47464988944596065,0.07432277097068934,1,0
-0.9720628785511958,-1.4436690692444574,1,0
-1.2811704041067478,-1.1315425144106488,1,0
-0.44978667295368807,-0.6976485108521979,1,0
2.2800864131909337,0.8520301931191541,2,0
-2.025435636605119,2.5510430446452785,0,0
0.06405212966228499,-1.012780477436836,3,0
-0.12298544950152608,-1.974185392949764,3,0
0.35420402321088157,-0.27678654177158013,1,0
0.6289217278458139,-1.3568407552817647,3,0
-0.89452712771464,-2.235268813211417,3,1
0.42645408684952985,0.8215113454658474,1,0
0.22985259240638278,-0.2333039740730164,1,0
0.40358284265796657,-1.94075942901939,3,1
-2.814161751274494,1.4547762455107016,0,0
0.298530185514806,-1.840262371164359,3,1
0.7700644364929705,-1.2013405888047228,3,0
2.0898175993026555,0.6083214816376287,2,0
0.014225096407522592,-2.0402199166531627,3,1
1.908812513292933,-0.8558667612276076,3,1
2.4287727978001006,0.7843192444884468,2,0
3.5955204401229146,1.8729218644832129,2,0
0.14008351069744718,-0.9056661707868678,3,0
0.3511628426110876,0.2653484896711636,1,0
-1.7569901238173806,-1.9601930387767512,1,0
0.8240158289473849,-0.7683351156494191,3,1
0.30011830559115804,0.766508565089066,1,0
0.9713835347782243,0.07388650720536366,2,0
-3.416223335353046,0.602287866907298,0,0
-0.09325679479294072,-1.6456107823207395,3,1
-0.40431663547972824,-2.467002768022878,3,1
3.5634851455162906,1.6644912762094255,2,0
-0.8492132751666113,-1.3946841083067067,1,1
1.640967960966874,2.192793389484097,2,0
-1.0276364841328491,-1.2479061454202867,1,0
2.871087131682298,1.561946880038936,2,0
0.586631408587595,0.9720798580443738,1,0
0.3335158473052547,-1.111936628021109,3,1
-1.1110530570102086,-1.5481852932735858,1,0
-1.8619095445306921,3.094404342911295,0,0
2.026762937067677,1.409188735749058,2,0
-1.8820492671870235,3.0365270336461503,0,0
1.307524011215624,1.3758715715255796,2,0
0.8891233882860479,0.9037307696869658,2,1
1.0702078195437803,-1.2749799194761064,3,0
0.6052562185476165,-1.516178974724835,3,0
-0.39370016464652674,-0.7405783284310048,1,1
-1.762316919723305,-1.987024013364102,1,0
2.915384034423977,0.6886242973139269,2,0
2.551388022212959,1.8215498097711142,2,0
-1.7211389660067906,-2.008846064496126,1,1
-1.291946419250931,-1.832270602480926,1,0
-3.1681385882903386,1.109843941886594,0,1
1.1316019481186834,0.8777868227896972,2,0
-0.7707462117495989,-1.502593566869858,1,0
0.08302026271038188,-1.254962755532526,3,1
0.9145117609980249,0.8486977694687929,2,0
-1.6634732789206217,2.4869117981129527,0,0
0.0677029830491232,-1.2525347236575775,3,0
-2.0137157487530946,2.305337426002575,0,0
1.1016201555670955,0.8894494129054364,2,0
1.3928832212838105,-0.49700241727099936,3,1
0.31165990457686066,-2.324350445651741,3,1
-2.2675214374136665,1.808290281747701,0,0
1.76616830979641,1.016308574320969,2,0
0.2636047297507288,-2.23962855099908,3,1
-1.6831027510518675,-1.3535785850327537,1,0
2.3194170133545344,1.955314508259893,2,0
-2.4566158282150683,1.9765053513022637,0,0
2.5441554298718274,1.6703765998926539,2,0
-0.6677982604055304,-1.4056888990509007,1,1
1.261303963258021,-0.7906120658195073,3,1
-3.3115317024308584,0.7038740932009415,0,0
-3.4257539115962294,0.6032328956176688,0,1
1.5425469652779757,1.0646129978788208,2,0
-0.12053166163252407,-2.3184481241985413,3,1
-0.3085996326683227,-2.062455384999091,3,0
0.3382399895845974,-2.0109711076953243,3,1
-0.369699528502457,-1.0546595631844158,1,1
3.4191148839854018,1.672179435378289,2,0
1.5074773672001083,1.3736640590894806,2,0
0.34260419045575935,-1.667890581898224,3,1
3.7081183100887567,2.156220858483431,2,0
-1.0969705652577515,-1.2170008668889587,1,1
2.9401098622662825,1.3383519845233276,2,0
-0.9959195583038254,-2.1119624956976537,3,1
0.39308245076229326,-0.30146234520443094,1,0
-1.8494594226391012,2.8923069753713317,0,0
2.164870645542055,0.6289819877876222,2,0
-1.4723140036432645,-1.3344152438971368,1,0
-3.0762632104289716,0.7611369277762239,0,0
2.8598582178564302,0.7701060205395494,2,0
0.749596853777496,-1.396650070195498,3,1
-1.2981879836530466,-1.4481697925603327,1,0
-2.405661600957962,2.095881209437327,0,0
-0.055689750822082856,-1.479601091359677,3,1
-1.2248084960828205,-1.7583970019401456,1,1
-0.6712112308570537,-0.9214760134762285,1,0
1.9483248189928732,-0.26202604068565827,2,0
0.42579735678919955,-1.6393125501917114,3,1
-2.6426282427703227,1.9082804298646114,0,0
1.8746969211791529,0.15014880625613705,2,0
-1.3706719245223666,-2.0657190392650513,1,1
0.12741267636077658,-1.945515816890196,3,0
2.805464219691851,1.8142339480686491,2,0
0.8269029582019447,0.011172246006184328,2,1
3.521132721595732,1.4342930594232388,2,0
1.3080987712930012,-0.2576181486655885,3,1
-2.2392728573853633,2.302643562144815,0,0
0.18081044274619562,-0.6697997626520553,3,0
2.2012588398454205,1.8610225098111934,2,0
1.7044289010407816,-0.7803007428571729,3,0
3.2375752952969163,0.5348880615628637,2,1
1.3888756460348322,1.4712510512186812,2,1
1.004748104331331,-0.6127034096134936,3,0
-0.11755732501820343,-1.565237377569373,3,1
-0.7183431474345574,-2.602484342337678,3,0
1.4957904789569088,-0.6952806494577055,3,0
1.7795010461916996,-0.4872898903340168,2,1
2.442794017681858,1.879359745111636,2,0
0.5343010160032844,-0.04541523249417112,1,0
0.012280579125565905,-0.014956428364414631,1,0
2.604359327245187,0.688510464111139,2,0
-0.737979971223925,-2.429310606494691,3,1
-0.016403845004104883,-1.6942129293242918,3,1
-2.5644745938845133,1.58449914398171,0,0
0.6122068266671503,0.23467899664425654,1,0
3.1300034109451826,1.3693301007545586,2,0
2.5579146208729724,0.4978293069258784,2,0
-2.9625055310640307,1.2770446149704244,0,0
1.4537935303113436,-1.2793288579485291,3,1
2.180505446186797,0.7312557551875603,2,0
3.050694851998192,0.8899020725016973,2,1
3.2723647180908686,1.238344833923439,2,0
-0.8259145405103148,-2.089490378943867,3,0
0.3423414841085523,-0.29217149941338294,1,0
3.5830614138353925,2.0435269682258905,2,1
-0.8508779406933378,-1.937413363256247,3,0
2.3735598576606973,0.04447427088707967,2,0
-2.1063553141306923,2.887504544217725,0,0
-0.5509053159728076,-2.197012269326266,3,0
1.7900291127531094,-0.3522298756452945,2,0
-0.8250817347270971,-2.2979956716577314,3,1
-0.6617446677794532,-0.9386035032687203,1,0
-0.11420118452414071,-1.1481793566056795,1,1
0.5323075830592652,-1.202433449454839,3,0
-2.6525451858694233,2.0903669692535685,0,0
-1.674764558057959,2.4262663801417883,0,0
-2.8173791853670624,1.98296196516591,0,0
0.15764648103039597,-1.8091199240831533,3,1
1.7508007332743123,1.3145804871736377,2,0
0.6717021370401344,-0.6679840167815092,3,1
-3.179322238856352,0.911945796836779,0,0
3.256867764583169,1.4345623022411573,2,0
2.646736753423606,1.69135609181465,2,0
3.124504950849716,0.7724071862970872,2,1
-0.7699640924887996,-2.317277354532811,3,1
2.061694854332171,0.3836730227341033,2,0
-0.03545816758818296,-1.9345763923071841,3,1
-0.9137562106116681,-1.76572383104657,1,1
0.5243316581253414,0.3059495338621825,1,0
-1.5333141752306418,-1.6704134914528004,1,1
0.3953090843152884,0.9079380938357225,1,0
-0.4681157900071631,-1.3749365836550311,1,0
1.7443964825232676,-0.5573877172152462,2,1
2.3150279874483424,0.6117443331325776,2,0
2.488618047866562,1.8778570677454576,2,1
-3.2338100473460014,0.4098849964376217,0,1
-2.8554559718175736,0.7530603675514049,0,0
-2.9430540131007414,1.0706803001060567,0,0
-2.957399709371494,1.3974999824403318,0,0
3.139235120771193,1.0890562640941504,2,0
0.3756874761720524,-1.5151050176088192,3,0
-0.044045391840268205,-1.5908394024346255,3,1
0.6555121981474143,-0.33692672608136065,1,0
-3.221947067678499,0.697807421935976,0,0
-0.3897919873176353,-1.4425493129773912,1,1
-1.5299807250698185,-2.0832236182603534,1,1
-2.0349169072660307,2.5661104881664176,0,0
-0.34385781830721496,-2.0330153993718287,3,0
1.9812614311187222,-0.0042603894584711255,2,0
-2.9497677654965577,1.5794051556389899,0,0
-0.20587607135900038,-1.010023780866136,1,0
-1.4254217343711448,-1.875907559160859,1,1
0.8226623170620448,1.3296643413405593,2,0
2.405766376842324,0.4871761417494916,2,0
-0.7282444728229585,-2.59880055468202,3,1
2.213567278623298,0.07442724758290675,2,0
1.8004143158996082,-0.15438399774780898,2,0
-0.5446212361527538,-1.6683312404256612,3,0
0.4558537207956553,-1.7227789217285425,3,1
0.5507423547342352,-1.2001404271484934,3,0
2.277281956763422,0.5553040822495575,2,0
0.6055503231538171,-1.6637707784965212,3,1
-0.40929472152761787,-2.335772636683312,3,0
1.509504081031935,-0.9861283406362595,3,0
-0.409035755236334,-1.935394226379698,3,0
1.2573543566219845,-0.5243487876144909,3,1
0.2927323113569734,-0.3870006593212112,1,0
-1.4324951980174332,-1.0125731940677272,1,1
-0.9493267322295635,-1.720096553382562,1,0
-1.045272544626924,-1.0497446258277836,1,0
-1.7070843472063753,-1.2525107579376737,1,0
-0.9836243416683197,-1.6439012809305515,3,0
-0.35576544195734594,-2.058735439340916,3,0
2.5582918231266976,0.2850665929106477,2,0
-2.5972775637382255,2.1838820705695774,0,0
2.2556179963208023,1.6333550777111332,2,0
2.4812542350723565,1.0675222231590236,2,0
-1.678634333516992,-1.8819829947862143,1,1
-0.11795235956431134,-2.3816828599324458,3,0
2.6184120229661865,0.8920685250105627,2,0
-0.5158126856142271,-0.9706156583685173,1,0
1.6303246999708199,-0.010925631534067504,2,0
3.4064437137029486,1.7182881459080686,2,0
-0.017653718191953965,-1.3752400351012015,3,1
0.5243670336507966,-1.416676538002401,3,1
3.7098786419580625,1.4516911465257394,2,0
-2.933442023015616,0.7483234657447098,0,1
-1.4266845933442416,3.147155645148813,0,0
2.9161977134088413,1.8100961255223478,2,0
-1.3548134592671717,-1.0755939096380118,1,0
-0.06358056579452587,-2.166278864276798,3,0
-2.0028946296949606,2.65471033944761,0,0
-2.7440346775274036,1.110994146958819,0,0
-1.5246320653489198,-1.3809949580127288,1,1
1.0193256512775721,-0.48756067808226655,3,1
3.3061882866086463,1.2199334435702949,2,0
1.2891174215503967,0.6686893385801919,2,0
-2.7548064572557647,1.6711561567605029,0,0
-0.3071151562752372,-1.627936835445028,3,0
-0.6591072814256511,-1.4305694492238008,1,0
-0.1175336359531425,-1.7872996228158702,3,1
0.5903608052445313,0.5354774098433042,1,0
0.09238550720502842,-1.721296450197712,3,1
-0.025754129088576966,-1.6243869232862653,3,1
-2.4039375572569344,1.0790115821495532,0,0
2.557255403563799,0.8051739362721573,2,0
2.3267389085310577,1.3535805799104956,2,0
0.7240564599395678,-1.373586353041305,3,1
-2.948673851990462,1.8331356822581182,0,0
0.5005250084175783,-0.4345184102871714,3,1
0.6867301721372856,1.005117323132271,2,0
1.4472543300087815,1.7986406704455062,2,0
0.09022208441193558,-1.9048614026491164,3,0
3.586703478936921,1.4658800355416703,2,0
-0.4836411333921038,-0.7724682553629405,1,0
0.7759222877617922,-1.688469707455601,3,1
-0.24141057983758582,-2.134573858718145,3,1
-1.4128876306034577,-2.030296402214524,1,1
0.8076076554598446,-1.0508485190788184,3,1
0.7869593143172986,-0.8685068158041107,3,0
2.4087056869278154,1.7855297266532646,2,0
-2.3638406384490365,2.332523972351722,0,0
-0.768095612869695,-2.1175085440077375,3,1
0.47515840863612485,-0.2362514798275257,1,0
1.690542261214975,-0.8820506372050012,3,0
0.19793199370280207,0.05957117244978022,1,0
-0.4117679080196148,-2.488125846795157,3,1
-2.960018467063209,0.41728522174312727,0,0
-0.679746011065758,-1.4415205153222865,1,0
-0.6767027458027848,-1.1994767998826286,1,0
-0.4145814777208018,-2.0207132822458433,3,1
2.067454360415753,1.9060986687381678,2,0
3.276096648852851,1.1905495583354018,2,0
-0.5981406790922966,-0.6972521575104427,1,0
1.462661125206601,1.6435253070988176,2,0
0.8685937719040049,0.13906846236096387,2,0
-0.03555777705648308,-0.6116266685215868,1,0
-0.5029160338733777,-0.37253419286764966,1,0
2.153362811319453,0.4291139286976256,2,1
-0.5293414514474646,-0.7656264782459776,1,0
-2.8911624079342633,1.1415248176321424,0,0
-2.537969969014656,1.6768982342566703,0,0
-1.5194442383905966,2.2020482971094695,0,0
1.958452736351579,0.23152915340754038,2,0
-1.2043567056931406,-0.6798537068321127,1,0
0.9501985838910825,-1.7337939131862792,3,1
-2.3561089301010685,1.8270382754385575,0,0
-0.6414900454670422,0.09097069453236473,1,0
2.490577493347626,0.1552978202411851,2,0
-2.701701837835268,1.878168923033384,0,0
-0.7138825921314911,-2.2274203626493323,3,1
-0.23734173839695014,-2.313881643024656,3,1
0.6816336173329467,-1.1519293457071211,3,0
-0.4723677289921816,-0.5294263319712178,1,0
-0.4281670293833263,-0.04039592994800961,1,0
2.106257432391856,6.1798282519121e-05,2,0
2.13731357035497,2.14765598949369,2,0
2.022542661958422,0.7709990047392064,2,0
0.29829848637187645,-2.0141295260522947,3,1
1.959868413035524,-0.17050519732992042,2,0
-3.401154966376088,0.62614132984842,0,0
-1.3720147733173322,-0.9019220624079589,1,0
-2.733331137545161,1.0252857765770138,0,0
-0.23928739624057804,-2.251967908244173,3,0
0.9657061189715272,1.3925557158811417,2,0
0.395074105201303,-1.0770374160027474,3,0
0.1649559270901489,0.008962588002267735,1,0
0.5899302234693224,0.7305190424716965,2,0
-2.7076712092632635,1.810614128133779,0,0
2.030217634586288,1.2798811335714362,2,1
-0.13989281271374532,-0.8440548177550622,1,0
-2.720164053082303,1.4132956889328796,0,0
3.5901706738152215,2.0692061451372394,2,0
-1.8142363022866255,2.89443868080589,0,0
-1.5450925167984604,-2.0483572265425787,1,1
-1.2251326467503472,-1.6599071543433006,1,1
2.1710200951652374,1.045767452377186,2,0
-0.5818928471510673,-1.393071865331732,1,0
-1.338917395583632,-1.8763822768718976,1,1
0.11579840019504695,-1.7913762288777513,3,1
-3.2239087219576006,0.40620120878196425,0,1
3.333002497127715,0.8900507560050717,2,0
2.297229317157383,0.894448344589974,2,0
-2.8458533944021718,0.9974098580234487,0,0
-3.410242314129816,0.6281544944881859,0,0
-2.326048415270286,2.2008263877982976,0,0
1.8551969439584048,-0.5875452068920143,2,0
3.46045591884353,1.3487840549811367,2,0
-0.3354345539100908,-2.0172734965810424,3,1
0.04962857910812843,-1.550382963275748,3,1
-1.7689191982022294,-1.783256209991886,1,0
-2.4944905279970704,2.2166543681687747,0,0
-0.35044379336569287,-1.4487304079856538,3,1
1.2625620455176043,-0.5595128781712285,3,1
1.6530438931283702,0.09209453158421638,2,0
-2.1608900455300946,2.48176377018481,0,0
3.6958269174942786,1.8225390456764317,2,0
0.1302938519213248,-2.298311940012475,3,1
0.9068631047366627,0.5359746866478156,2,0
-1.6823968565015996,-1.9110838056030552,1,0
-2.6472211982675415,1.727765609398624,0,0
1.7306906913811928,-0.14043987565564597,2,1
-3.223083611508567,0.40589422647732626,0,1
0.9484596708529032,0.5643292497250963,2,0
-0.1378411490921444,-0.40110880926171333,1,0
2.4437967373681566,1.7445933355164178,2,0
0.9434411271926781,-1.505421164355152,3,1
-0.1316250086836675,-2.291891770729382,3,1
-0.027684918545129306,-1.612158064939589,3,1
-0.4526649664049895,-2.4907744927032063,3,1
2.0861198359393023,0.9488554467350201,2,0
0.8562303061348404,0.8506662643271712,2,0
-2.02515452856054,2.5410290126571216,0,0
-2.6964782638281037,1.7990614373562939,0,0
-3.2085651095652863,0.4565078882782872,0,0
-3.2269634309450344,1.0401159255562593,0,0
0.02700630628546208,-1.7753573320591547,3,0
-0.43190240323015316,-1.1272308978584367,1,0
1.5584217676777186,1.1892588771966826,2,0
-0.28609764778447344,-1.0629013769609885,3,1
0.4388413387954518,-0.29730385483942223,1,0
1.2439938555425958,-0.5195925046817376,3,1
3.2122478000179866,1.0266196458721184,2,0
-2.3593092466680017,1.8474946432608315,0,0
-1.2480645399804955,-1.6487349679268244,1,0
-0.10606069313986885,-1.3028903607150297,3,1
2.913455916832021,1.6513272069875973,2,0
1.2229507673214393,-1.1271824237259394,3,1
-1.5403381142846677,2.7485321268297573,0,0
0.5381002169766456,-1.078950225268026,3,1
0.4516178077960877,-1.5855639582593328,3,1
0.7530580550300934,-1.4968834458604838,3,1
1.0547767142281836,0.03604394152134821,2,0
3.3162933218464192,1.3317220835504306,2,0
2.755143021682704,1.7095834405646029,2,0
-1.596682092610617,-2.0017752725419857,1,1
2.1470485376174513,0.08854969872731105,2,1
-1.8878469594750145,3.0424283152058837,0,0
1.6896244521779507,0.217663556397763,2,0
0.23142380810388108,-1.7024255079195962,3,0
-0.7260567685495463,-1.7419083008264507,1,0
-3.288645524437524,0.6354989327383185,0,1
2.238216344760235,0.8782300227720541,2,0
-1.6086535216154458,2.618894015570918,0,0
-1.0130725005305383,-1.533465730766528,1,0
0.4212856754845022,0.10564853350253106,1,0
-0.07792909044589055,-0.030020255327521006,1,0
-3.251565596182117,0.45495889748436497,0,0
-0.9839690942176045,-1.4332533932134477,1,0
-2.9754565414762193,1.7638073168432133,0,0
-2.310746416927151,2.2256625763767914,0,0
-1.6366394185013609,-1.8558542346894848,1,0
0.3262088425310398,-1.7528211344896822,3,0
1.212684248994367,0.451840311056931,2,0
-2.6778667871929938,2.022038385035124,0,0
-2.802090936109076,1.5976304941303678,0,0
-0.07225761246155822,0.42241861152075366,1,0
-0.3271885465134341,-1.2342397818528836,1,1
-0.28763866014956574,-2.221636863541387,3,1
0.16414513798102948,-2.136096574302356,3,1
-2.005640443794644,1.4105772485691686,0,0
1.5687014446486842,0.9647062876912039,2,0
-2.4311921310212625,2.0246136026691723,0,0
3.199395465062622,0.923171309041373,2,0
3.066229657208206,1.2059327724228033,2,1
-1.801868769087629,-1.580111081644825,1,1
-2.8027991255629305,0.9607477645531554,0,0
0.29515670617559986,0.9457939720159132,1,0
-2.296366766091588,2.536837569087572,0,0
-0.15154744526283453,-0.42838963659822016,1,0
-0.5208780765989636,-0.015969304180011246,1,0
-2.9548828881073246,1.4911848100223921,0,0
-1.1427809818099013,-0.4273780971755432,1,0
-3.0471485417772617,0.944211687646417,0,1
-3.2405583405355487,0.47557306497629254,0,1
-0.319670982239892,-2.128933586785023,3,1
2.2261307079638706,0.34791853678217693,2,0
-3.0397821468505133,0.9430173730269652,0,1
-2.9050491036314487,1.7417241853058634,0,0
1.6539405515173866,-0.19038379106333836,2,1
-0.44823088059687366,-2.3757742438345524,3,1
-1.2472259305227327,-1.7068672014521262,1,0
-3.409622451760779,0.5998320084701931,0,1
0.16028261551099893,0.759148767604026,1,0
0.4330689696014362,-1.262063764954837,3,1
-0.47725895799234686,-0.8593695584465972,1,0
-1.525150286856909,-1.6004627297557235,1,1
-3.366566879861604,0.8949766595555978,0,0
-1.090647630050046,-1.6252541143851007,1,0
-3.202269627255831,0.4251742760149649,0,0
-2.3818654749919266,1.692603648436319,0,0
-1.689221416354925,-1.23493227503187,1,0
-0.540662669958516,-0.8213115396582167,1,0
1.757721738320599,-0.266494794025543,2,1
0.220222297540699,-2.2684416113931922,3,1
0.08897749756890883,-1.9402307929891107,3,1
1.6564730066197593,0.24712819813545775,2,0
1.9948130642298072,1.517044828483415,2,0
-2.788435483264585,1.1565514410357731,0,0
-0.2501727564362678,-2.3117086850957334,3,1
0.613416507683759,0.6041594911858046,2,0
1.7037551168658545,-0.3219459228650323,2,0
0.45132539671469424,-1.737150378876976,3,1
0.15741205795334895,-0.07875669617438114,1,0
2.9850074001308338,0.9995876131857455,2,0
1.9181487004403934,1.7298745441727936,2,0
-0.5265162977223865,-1.7904563967956622,3,0
1.3017656550770988,1.1790028431661796,2,0
-1.036620668514861,-1.9602307198193556,1,1
-2.2802237945689625,2.1004357492556274,0,0
3.371615450191554,1.290327005824817,2,0
-0.5240402814940504,-1.9548672382402084,3,0
0.30793824017584687,0.5752487529424164,1,0
-1.1456488889999918,-1.5221806519186545,1,0
-0.02350394908532283,-0.06176964234684862,1,0
-0.3349160107006196,-1.5832717806279446,3,0
2.3139100960153605,1.1870070055013084,2,0
-3.2375648504459513,0.4086811490155257,0,1
0.2589748602248971,-1.1633853784933061,3,1
-2.452799660779771,1.0674380988665444,0,0
1.2838619045946067,-0.883301437104905,3,1
1.370354002565596,1.553643645428286,2,0
-0.7070587478275323,-0.7743741720848711,1,0
-0.7241189205777914,-2.6003354662052107,3,1
-2.3163787086904843,1.7659940726469108,0,0
2.887869236281177,0.1911568847739413,2,0
-1.2108614125273172,-2.030351440010203,1,1
0.4830578076329512,-0.08162446866802225,1,0
-0.07674426787290597,-0.7408866425069052,1,0
2.6856868639662865,1.4484894683631973,2,0
1.176462335093916,-1.3701901748939957,3,1
3.084122753045535,1.285522266611467,2,0
0.535534243654908,1.10707224316778,1,0
0.8358558796429783,-1.2562239569403424,3,0
0.2855477774894901,-1.9809185297368324,3,1
0.19184919648433424,-1.4477008608013573,3,0
-1.2374538276208695,2.765197597299763,0,0
-0.3641458303240708,-2.077856066416186,3,0
2.838953354933372,1.948079160249927,2,0
1.9053955793356054,-0.6403977604697033,3,0
-2.6011139613971674,1.7474336140951265,0,0
0.2209385318592722,-1.9281219741673852,3,0
2.4600262311865615,1.2097264318955783,2,0
0.6843227978810409,-0.3320053398799552,3,0
1.2163936157026933,1.123987891571343,2,0
-1.4274750650991468,-1.6467324629501727,1,0
-2.266981947748097,2.6522567039352785,0,0
-0.07019267096346557,-2.1723188861789087,3,0
-1.7990488748390505,2.190229029267357,0,0
2.3351939246559015,1.658909091263233,2,0
-2.547890060120275,1.6925659601251577,0,0
-2.929026626591258,0.663611667999473,0,0
1.3731216633102916,0.8859817682785096,2,0
1.281259532889401,-0.7413395787329786,3,0
-0.7840036869238354,-1.217577755408261,1,0
-0.244227092386487,0.30170988231432294,1,0
-1.3645141889982058,-1.5236329680712488,1,1
-2.871411484846447,1.0524467447723587,0,0
0.5389460748047599,-0.8838174732766013,3,1
-1.1939651291615132,-1.486440385787508,1,1
1.5142268211673193,-0.7928769200285628,3,1
-0.29000821166877794,-2.492463973214547,3,0
-0.2952479100798817,-0.8731720352848324,1,0
2.4893619739325037,-0.0031527599848347188,2,0
1.0891544802493878,-0.37364620189221975,3,1
-2.708434832021075,2.1461537214228055,0,0
0.33795979340485943,-0.3298541919917878,1,0
3.184383319366681,0.5638715937702166,2,1
3.583458343752232,1.508654102026725,2,0
-0.8328178337829257,-1.3271298725470986,1,1
2.370008234532164,0.7330244110032964,2,0
-3.2581926116717868,0.41635570663147864,0,1
-0.8628512164153741,-0.3058258018432466,1,0
-1.3664568819036298,2.961020839965811,0,0
0.049598517644902446,-1.3677031645976099,3,1
0.9253809444451158,-1.4667059851954247,3,1
-0.3237963909976708,0.29129240529773176,1,0
-1.063658041403601,-1.5418399584309583,1,0
-1.378550884980827,-2.266699920099068,1,0
-1.0535819776870825,-1.169726669295913,1,0
-0.48081836017298935,-1.5895254330572122,3,1
-0.4551402977520898,-2.489853545789292,3,1
-1.756119793640944,-1.575158915266919,1,0
-3.296214854949491,0.7302831116599646,0,0
-2.6663264363018517,0.7870070439876399,0,0
-0.2899243538470653,-1.8033774462701297,3,1
-1.1244730004519115,-0.7077953699394866,1,0
-0.7635638673202838,-1.2850874860765622,1,0
-1.3215688108170527,-1.59071319130311,1,0
-2.7745439570434773,1.6308646010941525,0,0
-1.8372772299628124,2.8343704643982184,0,0
2.3862827286665724,0.49486596066443883,2,1
0.9575876716368337,-0.6767697080352302,3,0
-0.604301743811686,-2.179621975650204,3,1
2.8647122391753115,0.44072118656638853,2,0
2.888996692699997,1.4380309082920006,2,0
-0.757544095361119,-0.29273228031317255,1,0
-0.2111238571454317,-0.487604775644521,1,0
0.5245311794701077,-0.9232355787627518,3,0
1.5625691282776246,-0.6076460411505014,3,0
2.5754674466182466,1.1385952969699034,2,0
-0.3125533856305517,-0.7650376182592222,1,0
2.2948316889335745,0.9803954562003335,2,0
0.05313805894626006,-0.9378653273108637,1,0
-3.2191506348802297,0.9038834460169172,0,0
-1.8941602783851847,2.406418020407024,0,0
-0.8019533291236565,-2.5099750633673743,3,1
-1.4385539373016152,2.351732349139372,0,0
-1.4332143141848943,-1.605958360151939,1,1
-1.3777257745317937,-2.2670069024037067,1,0
1.0879420312044588,-1.4826946182658953,3,1
0.16039608836186853,-1.363080781415826,3,1
-0.5610364998464208,-1.5670571074970674,1,0
-0.5814167417990784,-2.2038187052646814,3,1
0.05719998028192683,-2.1372878126365933,3,1
1.321401604353768,0.5087578098473501,2,0
-1.5915926167621623,3.0788303314215746,0,0
-0.4922402131937441,-2.114964327399197,3,1
2.033151413021259,-0.5801810194881628,2,1
-2.108061190799888,2.3176131518045726,0,0
-3.169563246327019,0.9253936879679003,0,0
-3.4288566983129622,0.8380299558762312,0,0
-3.026352095449289,0.894117709527843,0,0
0.9658247102850643,-1.5370517906107861,3,0
-0.8334081631044368,-1.8610584649211515,3,1
-2.1470246690821533,2.410559591576752,0,0
-0.37063870606223426,-1.7127129743071283,3,1
-0.1409819146480628,-2.216972449189223,3,1
1.8047585666881534,1.6635794273054494,2,0
-2.4510788413819555,1.6499882746740862,0,0
1.4889847069292654,-0.9913140140445198,3,1
-2.63921298299683,1.6480202906588193,0,0
-2.1913151424851596,2.564983575262784,0,0
-3.2235177562322046,1.0477987628785583,0,0
-1.0967722909761721,2.6836756491648366,0,0
1.0266981809018603,-1.2317372265552957,3,1
0.7352265793843005,0.4070249855825659,2,0
1.2114695218743599,0.4898063163164375,2,0
-2.861170051887956,1.8479724539205402,0,0
3.436762001560985,1.7620681712716322,2,0
-0.7052122312692373,-1.8293259180791834,3,0
-3.2247338324066335,0.40650819108660224,0,1
-1.1267384622443204,-1.0117310444436887,1,1
3.2422368977214733,1.6048683032862199,2,0
2.661724475539303,0.3882057625797708,2,1
2.0959241809808904,-0.264580244502871,2,0
-1.868161918263072,3.0758415215586483,0,0
2.147633618847704,1.964309161447631,2,0
0.08397200554559625,-1.3238232668598975,3,0
2.621790517110086,2.164548378258701,2,0
2.051432892365805,0.3216336916950603,2,0
-2.4866670979735814,1.9034069159956681,0,0
-0.5611479985879713,-1.4696746247082482,1,1
1.2859718890370786,-0.43576824548236603,3,0
1.2636465209251144,-0.43417874749459606,3,0
1.8067105771476726,-0.797799860282304,3,0
-0.7810069811906297,-2.1610985536960605,3,0
-1.1843631590970822,-1.6282596333286554,1,1
-0.21436801144376738,-1.1013044224750435,1,0
0.9594582943819907,0.6040961661830191,2,0
2.9437095430523654,2.1013384823860677,2,0
-0.29611515052881776,-0.6437149596370939,1,0
1.4359361736952503,-0.8848383552220471,3,1
0.9176129417958894,-0.34003953926864605,3,0
-2.751696095394936,0.9880334517751266,0,0
0.7200296132684667,-1.4891902295551755,3,0
-0.6896496550087328,-0.8951936541419501,1,0
0.7581522586863976,1.2510617837860507,2,0
0.6640824332016657,-0.4346731854517245,3,0
1.5589683246953454,0.037255360019942174,2,0
-0.8322123035101863,-1.864104206171077,3,1
2.2111868314314105,1.7212152571222077,2,0
-0.9620886350067988,-2.3258607151229276,3,1
-1.977358690056026,2.8492011154090253,0,0
-1.7602613796855946,2.8393110741724437,0,0
0.2835341331067242,0.25331528608959186,1,1
0.5439885675178153,-1.1339232623601514,3,0
-1.169455266587188,-1.2191191484373942,1,0
-1.1090088228126225,-1.6494793690506484,1,0
-1.7297965154748298,2.809116067699727,0,0
1.289970369014331,0.642810234457345,2,0
0.14403634415190675,-1.6589494524870252,3,1
-3.2777492839300932,0.7752440192616803,0,1
1.0638165264782904,0.602857657874466,2,0
-0.7631002671450042,-1.5268447686203002,1,0
1.869442746464398,1.2389225443804555,2,0
0.6913429347900755,-1.3822687475938171,3,0
-3.0242220830839073,0.965006805063938,0,1
-3.250791930660991,0.6169767530695112,0,0
-0.37031693004686306,-0.9360728527920648,1,0
-2.6468482209234527,1.242609855642176,0,0
0.13598165999788298,-0.18508994692620673,1,0
0.35757441707075405,0.06316156299608827,1,0
-1.0209183197935932,-1.4399482132569494,1,0
-0.6297190623868627,-0.94637616375179,1,0
1.1385081033480298,0.1580325239942905,2,0
1.4082896203300594,1.6910236950383168,2,0
-0.8246668636057273,-1.1805182800655365,1,0
3.435061371272436,0.8945556654359312,2,0
-1.2344819087096945,-1.7179285229808416,1,1
3.012549639540615,0.3710422531133743,2,0
0.7633237332873943,0.7689265493691535,2,0
3.247857694914874,1.4491698942769604,2,0
1.468288013604111,1.6099180574644434,2,0
-0.28701244624925126,-2.028783859596081,3,0
-0.13329563661875132,-1.9884600422092487,3,0
-1.1059313210199375,-1.1734401376280104,1,0
-1.2262873111952117,-1.4668557014131418,1,0
-0.7258051593526846,-0.9640321693528164,1,0
2.4881253645982144,0.3758589773257135,2,1
0.6825486107881396,-1.3486066724569092,3,0
-1.4155482763564227,-2.1963029373476717,1,0
0.21622275348743142,-1.749960932513946,3,0
-1.9242053282701757,-1.6053847492307225,1,0
-0.09551276897221081,-2.3845938371706294,3,1
1.1323119545545668,-0.9198029207424763,3,1
-3.3265426072389155,0.9362300875853576,0,0
-1.6211826622227736,2.1949614851115737,0,0
0.9653297405409531,0.0866141446640345,2,0
-1.296455850810223,-0.9924880947055021,1,0
2.8256603113559042,0.4641418430568611,2,1
0.02555595006580305,-2.258778344127374,3,1
1.309200926777978,0.878365341078509,2,0
-2.8304460703231897,1.1180090584474132,0,0
-0.21654887890961416,-1.7314141844785171,3,1
3.456078139712277,2.1088079640859005,2,0
-3.1674332436600667,1.2031767355972491,0,0
-1.6807871467775926,-1.9361874916391841,1,1
1.1887976000177987,0.6724206022258266,2,0
3.079834085374638,1.8329577382642597,2,0
2.489823426786668,1.0017127437023858,2,0
2.728805981894726,0.016562270335979068,2,0
-1.143383632154749,-2.142976521803295,3,1
-2.654532798139974,1.4579952679494623,0,1
1.4486332644994344,1.2924628274514012,2,0
-0.6182920587271548,-1.2411956170983178,1,0
1.2066992677050883,1.394195322011042,2,0
-0.7589560379943314,-2.1425581340272757,3,1
-0.05895050135284535,-1.226126464799745,1,0
0.4602056754553026,-1.3887350913642427,3,0
0.32143861589125133,-2.0102279610509646,3,1
-1.2832580074672937,-2.329366077865587,1,1
2.097959523750487,-0.5438678019987996,2,1
0.4530283255068683,-0.6099049001799293,1,0
-2.3452135380839016,2.113015014491312,0,0
-2.28698831055226,2.540431337031194,0,0
2.1251561610780922,-0.14936756088987024,2,0
-2.075625944261869,2.1179608880454643,0,0
-2.7105159669016445,0.6360766265566286,0,0
0.16398613345678892,-0.14666839915065755,1,0
1.7870086897538089,-0.8190171402038264,3,0
1.9648061145522309,-0.2802058745273155,2,1
3.1869186946102617,1.6729338449209563,2,1
-3.259804702861579,0.653488506271118,0,0
2.1050202173258152,1.640779594970207,2,0
0.8761484095268144,1.1563049866614186,2,0
-0.9180562989868302,-1.3786235634744115,1,1
2.7194814657754187,0.5388413921903528,2,0
0.13259069508350613,-1.8458661993686933,3,1
-2.957555637477967,0.6421081274505226,0,0
2.6253738261395716,0.8825766348018582,2,0
-0.09878306312318019,-1.3335216808492343,3,1
0.8440521550735098,1.2881134808753256,2,0
2.2794687314180226,0.6566231943857652,2,0
0.009377040969358819,-0.2472677326401337,1,0
1.9639960224169288,0.19516646738506016,2,0
-1.531341868482519,2.756892192462799,0,0
1.5544180737003088,0.9782809107071889,2,0
-1.6508420441936236,2.571918017960863,0,0
2.0580047864523503,0.37962347719552075,2,0
-1.4465319095184694,-1.9492180718531922,1,1
2.9775099421869413,1.625971078457545,2,0
1.5095605231076294,-0.13982442120472394,2,0
1.4977786762897773,-0.1867001184979351,2,1
-3.1916340371339147,1.1172270980306724,0,0
1.8134744254668496,-0.5054187662996129,2,1
-1.0411768082290316,-1.558477802789841,1,1
2.1450834858563783,0.7997207262328021,2,1
-2.708814157574357,1.722208460447886,0,0
-0.10471144775727068,-1.6372542026668662,3,0
-0.04505180186375651,-2.2399956914884642,3,0
2.409861727796505,-0.04514911936950239,2,0
-2.6516055188077634,1.3096477718047872,0,0
-3.153309658511264,0.8092857214174518,0,0
3.315146031101088,1.3636983689344113,2,0
-0.6354072461926649,-1.9775776527352156,3,0
-0.7601371195964297,-1.0161461689795892,1,0
-1.3106082211089312,2.6620536689690937,0,0
1.9264109266754936,1.2599069615812293,2,0
-0.21800380597521063,-0.8569622854002521,1,0
1.6113254455324042,0.21484981639554382,2,0
0.0021686276860698184,-1.9657254331515681,3,1
-2.625862034840264,2.135754000882212,0,0
-2.6793484091656565,1.8558247925333253,0,0
2.353210837158505,0.980918422470076,2,0
2.604917331948821,0.10560598428880719,2,1
1.662206426916514,1.5259516830710005,2,0
-2.722153282054103,0.7022866209608369,0,0
-2.080120582054178,1.993290824883421,0,0
3.522184799307467,1.444048798703006,2,0
0.5016106599528991,-1.6262720862643552,3,1
-0.29721700599462664,-2.311277133951796,3,1
-0.33950300320481525,-2.0462614435192172,3,1
-2.5056642589981037,2.2885465905698656,0,0
3.272275197147883,1.3548158624463347,2,0
1.1157362370076374,-0.8003480799374909,3,1
1.9201634991691414,0.7599173077579535,2,0
-3.2288593846518014,0.4080431026097931,0,1
1.3408316991503904,0.4195848008883377,2,0
2.1230035221216554,0.470855433898443,2,0
1.5361921131181968,0.8096809434273129,2,0
2.6742691800093388,0.7287793869025414,2,0
1.244061412131021,-0.284784989187999,2,0
-0.9362096131888911,-1.4734941060074171,1,1
1.452869767012668,-0.9019120896576482,3,1
-2.897889898865165,1.0648289615436746,0,0
-2.1108609117111916,2.784981472842434,0,0
-0.2051738950503827,-1.8663745843664972,3,0
1.2650959782898479,-0.7618705717870808,3,1
0.5546369992595184,-1.1653327196927414,3,1
2.8087789256049134,0.43489999365956983,2,0
-0.24922542948474194,-2.3421965035627252,3,0
1.908558070121549,1.2924269079812334,2,0
2.739145299564143,1.03640248937085,2,0
-2.9997154909509187,0.9182489807295153,0,0
1.898041983341593,0.21664891945370285,2,0
3.764033630581844,2.1459037993296515,2,0
3.0908438953626147,1.9359225644162916,2,0
1.6441515653397523,-0.6029585849338949,3,1
-1.4081953274104357,-1.5166107165856537,1,0
3.2933540609661467,1.1896339384172259,2,0
0.798911019999311,-1.3921869724094216,3,1
-0.3003821682023608,-2.1019688404932673,3,1
3.2628466390804376,1.696348339712496,2,1
-2.531895335279065,2.149781515963773,0,0
0.3189656895672853,-2.326630612687506,3,1
-0.5697104825967545,-1.9998890324370253,3,1
-0.5444287270303605,-2.3998081828664635,3,1
1.2309274259491632,-0.6148837187182115,3,0
0.355905366203115,-1.6207119438164221,3,0
-3.1696182083490645,0.7245031049489234,0,0
-1.1618022981876948,-1.9197622500183427,1,1
-0.26680973749300896,-1.961400302824121,3,1
-2.6021302233122,1.4663978655763605,0,0
-0.5295497076268625,-1.6375858554692775,1,0
0.08216419199000691,-1.6825424942099663,3,1
-2.160630072023955,2.165261215645232,0,0
-0.6497207099587163,-1.7049484945183553,1,1
1.408018262016387,1.4808593297913903,2,0
3.082835096898403,1.913697706496446,2,0
0.3556834797673038,-0.4424757125105113,3,0
-2.112225843919405,2.3244922895040494,0,0
-2.0108319396854983,2.8958017450955653,0,0
-1.5311556903483123,-2.0506687147444316,1,0
-0.15898159781613636,-1.2389448051798364,3,0
2.967359214737916,0.26121313328836415,2,0
-0.96533272957476,-1.9275255895916381,1,1
3.134584532725859,0.8099617416291436,2,0
0.7835313060268723,-1.8689332280605069,3,1
-0.6624012240958825,-2.2683597205067487,3,1
-0.6432599558044954,-1.177468931347379,1,1
1.4905269218408446,-0.3640292514326906,3,1
-2.680468264733489,1.3837177083319572,0,0
1.0477728031627396,1.1156912820462912,2,0
0.010830909210421263,0.3704793761890023,1,0
1.4663793175680468,0.419904980189443,2,0
-0.6393791894249781,-2.013146340223641,3,0
1.4732428143576073,-0.9677997541620134,3,1
-2.00588405635234,2.3695767024059102,0,0
-2.9147249604856733,1.5317648638961723,0,1
-1.569619034988112,-1.656906270048723,1,0
2.003629838328831,1.9772651350074173,2,0
2.372685910678737,-0.29970247151631846,2,0
1.9274627787743508,1.2432022193592736,2,0
0.5541683143316491,1.3129159703161544,1,0
2.12929057917903,1.123329042839331,2,0
0.5472753520791123,-1.571941519039758,3,1
2.830805030834993,0.8340172055585249,2,1
0.06739742386400169,-0.8377855205801363,3,0
-0.37772211622334867,-1.7179092668482856,3,0
1.9407842892391634,-0.13591700635935944,2,1
0.4069810375420954,-0.15284331361123527,1,0
3.4322268898148187,1.303307656379408,2,1
-1.786562419701211,-1.5832049864876627,1,0
0.47581649834492085,-0.5625462866371186,1,0
-0.07955148450949132,-2.3548098447286367,3,1
-1.73912487724185,-1.938424516608402,1,0
0.9272548656365449,-1.3683539472685777,3,0
-1.5211078443457815,3.0029856903219994,0,0
1.0889742502666657,0.6821349514449532,2,0
1.4300649969593868,1.6819997919957104,2,0
-2.050025581650738,2.202599375916054,0,0
-0.7889978335698409,-1.2622192414527815,1,0
-2.3571597950216057,2.301266939022713,0,1
0.7697963570896325,1.1974981391182733,2,0
0.03842556600375302,-0.01035863693996636,1,0
-0.48118878946306154,-0.8805225979366127,1,0
-3.2664690291926264,0.6228094168576355,0,0
-0.2789254260702197,-0.5598389578630165,1,0
-0.27973758865114,-1.5432762030652594,3,0
-1.5827928886155564,-1.7544242230874636,1,0
1.1633747291830259,-0.45307052139191983,3,0
0.35117326653532194,0.11136917823520831,1,0
-1.1303184932552925,-1.545443651007675,1,1
-1.1390438634831304,-1.151172829039299,1,1
1.001631625765566,-1.380866720304704,3,0
-1.576867759093787,3.086864844168577,0,0
2.9581091914667277,0.7484629430959435,2,0
2.4048372287169775,1.191149902026416,2,0
2.173438180061529,2.014566925875419,2,0
3.7874954817885618,1.7504589516231506,2,0
-3.0096784408825195,0.9880528647080145,0,0
-3.4233038932796345,0.8056958358835299,0,0
-2.4895506223109125,2.206790988320719,0,0
-2.9840706815856906,0.5957725006165885,0,0
1.1646900142960948,-0.3560813641085907,3,0
0.6484895847735817,-0.9348465039822194,3,0
0.5916444015331066,-1.920005132383601,3,1
-2.324560865421389,2.419842351934655,0,1
-1.388680595791281,-0.8834700346263658,1,1
-2.497919973053884,2.0566600957636147,0,0
3.4792927423431634,1.5943948710003415,2,0
-3.3744751577966965,0.6403652922765967,0,0
2.007344407628196,1.4009466417950909,2,0
2.7088743881748507,0.5653254865702597,2,1
2.099144844245299,0.41893731032031784,2,1
-1.7331644895738607,2.2568991794087294,0,0
0.2332913640816372,-1.9499817273413422,3,1
1.5676510263284085,-0.25545294116061534,2,1
0.19812375261252946,-2.204426519727545,3,1
0.5880761524516445,-1.355973408654119,3,0
-0.026674001311953854,-0.19074054966754328,1,0
-2.077866980423791,2.835452532493938,0,0
0.7824708506953866,-1.2371284446402144,3,0
2.534903131713089,0.1078964490675538,2,1
0.9944841997171741,1.0470154625676225,2,0
-0.4088968826387106,-0.4746704813048904,1,0
-1.3218896027201894,-1.9879990052628955,1,0
-1.9780056289103134,2.628011750404643,0,0
-0.9275115648825516,-2.345226907817846,3,1
0.20351309064591766,-1.4696483625110732,3,0
-1.720313855557757,-2.0091530468007646,1,0
-0.4342737842123964,-0.2850862886933091,1,0
-1.8489666251297554,2.6487324847694804,0,0
0.12760276617369226,-2.1444653769633257,3,1
-0.11538824161406676,-1.3666424359394258,1,0
1.8938721991083558,0.1642289876886848,2,0
-1.4635049071899697,-1.9966413125511873,1,1
-2.6918736841929705,1.828060981932784,0,0
-2.3603628233202687,2.023491409237555,0,0
0.15375511164600852,0.5505908436211335,1,0
-2.968904723893021,1.3293856483188908,0,0
1.275321238662476,-0.45155242863154754,3,0
2.398554052604726,0.4132516915892518,2,1
-0.48651980784586485,-2.274804331033268,3,1
0.8940941464336041,1.0307050957322526,2,1
0.8604941859081752,0.6660544277956989,2,0
-0.3553685501666851,-0.688813923320325,1,0
1.5584320173546902,1.4142231287570324,2,0
1.669227039066527,1.2079303377158088,2,0
0.5190064980591516,-1.7868447998070256,3,1
-0.1544400677271395,-1.360291553435996,3,1
0.8751003516058651,-1.4845205050182932,3,0
1.1844371438264107,-0.9188579909588459,3,0
-1.0638885493181545,-1.3900383103327958,1,0
1.366748638328004,-1.0523816592155608,3,1
0.37069971297072496,-0.7655777501393548,3,0
1.8654705903019402,1.5709914469547537,2,0
0.024545028032597227,-1.9067279779240442,3,1
-0.7065682569135041,-1.8935145236241653,1,1
-0.9249722746048132,-1.096368696245744,1,1
2.831726858647962,1.6442759396035411,2,0
-0.8168053172062579,-2.504449381883888,3,1
-3.0968009022181486,0.8780903594931351,0,1
-0.8027866652338269,-1.7308140470959954,1,0
-2.1732240780266494,1.8265819482657935,0,0
1.3997622063111694,1.395979179045096,2,0
0.6656351633669504,-1.478324601101003,3,1
-0.32449083728993167,-1.9651629170515321,3,0
0.023634650520874823,-1.8123337086293507,3,1
2.3604902293307513,1.152085517585947,2,0
1.036926167065665,-1.545892745790176,3,1
1.7716429823267112,1.1559763243344876,2,0
0.2613470566280507,-0.7333999056122518,1,0
-0.6277398851555938,-2.018268544522452,3,0
1.0917581009848083,-1.2520760031289644,3,0
-0.3354050129561853,-0.5928220231290234,1,1
3.5780993579622447,1.663183654935509,2,0
-0.6776076709525485,-1.23747772720864,1,0
0.6407520395651458,-1.610182193502536,3,1
-0.27815688166535313,-1.7559410479110371,3,0
-3.0172156358567057,0.14986472117604765,0,1
-0.18775824919746056,-0.8840176134071764,1,0
0.28027502535304594,-2.3547871624742776,3,1
-2.290235851855837,2.1901458391804267,0,0
0.6812327716096076,-1.1520599064045567,3,0
-3.1153734804124826,1.176820658604859,0,0
0.6150546101538497,-1.62237656615309,3,1
-2.8382106171704673,1.8626776706817763,0,0
-3.443106544056436,0.8130634111948447,0,0
-2.7929232482095707,1.926691815126566,0,0
-1.2159823469416542,2.737603690644141,0,0
-3.050821656965002,1.387827568532599,0,0
1.4641414321037305,-0.5685002273937961,3,1
0.9232214062437556,-0.21504439856080515,3,0
-0.5318121174195529,-1.61249186388475,3,1
-2.526668310362592,2.241385263730061,0,0
0.17914887811595448,-1.2392518325303645,3,1
-0.5014677173784026,-2.1838397879658595,3,0
-3.4199781384529957,0.601084019485202,0,0
1.8829414162452924,2.0286691864913258,2,0
-0.6482001655519305,-1.3414139156779086,1,1
-0.826335893449442,-2.5035043531735175,3,1
1.2133472156949412,-0.4035095422468884,3,0
2.8822353606562285,0.9725767308856724,2,0
-1.4762343351703182,-2.0794838769941277,1,0
-1.172760533660951,-2.0516170305378747,1,1
2.1410956909225827,0.4471445615695349,2,0
-0.7224686996797245,-2.600949430814487,3,1
2.4464511932112436,1.8875677447758032,2,0
3.090649619053305,1.4689878182362879,2,0
-3.305354722947549,0.6404670421466665,0,0
-0.4503081861029522,-1.707780896972425,1,0
0.23380136964919834,-0.6828008143760078,3,0
1.3607654399571207,1.4640378390713409,2,0
2.6502530533262396,2.052792698992246,2,0
-0.38843918272454586,-1.0988708097566902,1,0
-1.9907596639741358,2.0314317894823795,0,0
2.6130848411974523,2.1166854964937376,2,0
3.8406398441947007,2.067395503122078,2,0
1.1112220627204266,-0.7747501226608968,3,0
-2.1528865406308784,2.3847297153200686,0,0
-3.118916789239655,1.1753712838225963,0,0
2.279930488102399,-0.022193287254790195,2,0
-2.589985492761532,1.8058060175823036,0,0
0.31602124041639,-1.8128004663113046,3,0
2.589452413062973,0.7989047423765385,2,0
2.645070971185655,2.3728497050613155,2,0
2.0740402475643664,0.7782315599434924,2,0
1.128989560100839,0.44666646250668274,2,0
-2.031081366894883,2.1767217574020394,0,0
0.32010148387716136,-1.7233539167203495,3,0
2.9351983481571238,1.7748453623554155,2,0
0.6889838718932255,-1.280620092596268,3,1
-1.378288105834121,-1.07397867922837,1,0
-2.953891428885704,0.7048236333015423,0,0
-1.3384230698896964,-1.6228555559818487,1,0
-1.6039803916441713,2.1922032112702454,0,0
-3.404187590440111,0.622162290101708,0,0
1.7635961545532148,1.55711811735959,2,0
2.397966751358827,0.1617721905716899,2,1
1.846661598168425,0.8241973238224289,2,0
-0.35077242809483167,-2.4071002129704295,3,0
-0.5123110890497045,-2.4093502287812942,3,1
0.13024717156747578,-2.0134737256682884,3,1
1.7637783395347801,-0.9869554448887072,3,1
-0.5346286747739938,-1.4005362053201544,1,1
-0.47473670723484973,-2.246430276819738,3,1
-2.993362756721743,0.5748296180317416,0,1
0.4884028588095702,-1.4204313770470127,3,0
0.8788574048176323,-0.4967689677477316,3,0
2.5605475982493475,0.029713270836155437,2,0
0.24054437782740212,-1.7539977073019537,3,0
0.20325151391910845,-1.9892977610301934,3,1
-0.08163225228776685,-1.6193331509692934,3,1
-2.4138277943916036,2.174439751977183,0,0
0.5149114819340181,-1.0003384878811603,3,1
3.262971665274139,1.3657575709521064,2,1
-1.5772022598475501,-2.152319849106063,1,1
2.6553074804426497,1.0533105935153704,2,0
0.32339625721189696,-1.6766927710982185,3,0
-0.18981684670679,-1.1728413952570642,3,0
2.574689330235946,2.1262843075676026,2,0
-3.4018257085742607,0.5943304087831633,0,0
-1.867563777256473,3.0794090623287085,0,0
1.400739090971795,-0.5065395034956282,3,0
3.877611196086417,1.861871893576275,2,0
-0.1721871889827744,-0.8771412450073051,1,0
0.8360714507316911,-1.2546746206503367,3,1
0.4860718925712349,-0.21823306981245805,1,1
-0.9935200050761692,0.09384405562470854,1,0
-0.17938638706533616,-0.9267873009632663,1,0
2.494576428842084,0.3575866295668479,2,0
-2.252572964433473,2.699596056280636,0,0
-2.4916010854923893,1.8911655648249726,0,0
1.2731321919762217,0.8427150161948604,2,0
-1.0385262378463924,-1.5371217260696988,1,0
-0.06501529293028699,-1.1301710830921365,3,1
-2.378726239896324,1.9292739126855232,0,0
-1.3059905463574517,-1.8951345049575414,1,0
-0.2494314303026768,-0.7310353496810538,1,0
0.40060478351248757,-1.40923171765502,3,0
-0.01787868015474728,-1.8912777662040325,3,1
-2.1766530929677184,2.6640989203389456,0,0
0.447548699698928,-0.27066208736152064,1,0
1.8773527938818206,-0.6083586953210651,2,0
-3.098671065579525,0.46620987645813644,0,0
0.1208839052414366,-0.9864888747542055,3,1
-2.686039983394966,0.9963856244518182,0,0
0.4199170774751178,-1.6139559046380543,3,1
-3.4166776966568624,0.5998560902666495,0,1
-0.31216469000352687,-2.22512533851987,3,1
1.5511792319059894,-0.5238645953084412,3,0
0.819459251171621,-0.08363708361169148,3,1
-2.9521329565145753,1.3965422642781646,0,0
-1.494578544496538,-2.1028967932599114,1,1
-0.8136985080080656,-0.9085653534837221,1,0
0.15679366457411192,-2.2424088496202836,3,1
3.074534157183037,0.5808460284568605,2,0
-0.6232666563729709,-2.2985289874093464,3,1
-1.6236381700229212,-1.8241703464087682,1,0
0.8370775762834688,-0.5014106218254659,3,1
-0.06787014205655056,0.5084109637708268,1,0
3.7336152857185003,2.124870727214818,2,0
0.6028899652623534,-1.3694447639850216,3,1
-2.773286256295434,0.8646994051523693,0,0
1.488059418442112,-0.2759912992588902,2,1
-2.213827499761548,2.540426236125038,0,0
0.0926494862112699,-1.7429334752944838,3,1
2.194043420524164,0.47112884318384074,2,0
1.74567056306384,-0.7644744498426745,3,0
-1.9626888668023592,2.5114280538312643,0,0
1.8630371590517625,2.027399509278338,2,0
-2.530081516937519,1.8940884498474821,0,0
-2.998381080772981,0.9855790435528166,0,0
1.1334804323071248,0.7395301283219851,2,0
-0.9438247919933165,-1.4232098039029044,1,0
-2.2974351856345256,2.196343225212312,0,0
-0.23747439408596518,-0.20635477144073056,1,0
-0.27771290908416735,-1.9575155952541607,3,1
-2.334636141623756,1.8469683307652238,0,0
-0.09119335050749228,-0.8687896293195438,1,0
0.5858283082808509,-0.8126457052289064,3,0
1.7102482375998675,-0.7496017174973642,3,0
-0.9809642092602335,-1.51732199900709,1,1
-0.17274597433244207,-1.8253676124496698,3,0
1.087445867229171,1.2700371881035708,2,0
-1.4757051652873627,-1.9661083482738608,1,0
1.4450346347267946,1.1350982845604827,2,0
-2.9840750793852275,0.9168271068076413,0,0
0.2718598660128323,-1.9225941259391235,3,1
-3.119146291484776,0.9430072617987431,0,0
0.823639751434341,-0.05760645346809551,2,0
2.2068481693704647,2.2919468302493393,2,0
-0.2702079194257512,-1.5519214692803112,3,0
-0.3172484211119322,-2.0379024130802925,3,0
0.6519590308665697,1.3376251882826224,2,0
-2.0644076592365628,2.375467906030887,0,0
-0.5217426441776765,-1.8682520224770995,3,0
2.4023839873626653,0.7698941762243181,2,0
-0.3940121986426904,-1.8689602422104807,3,0
-0.7833695285706825,-1.218516327212938,1,0
-0.7220048631813103,-1.129005289009141,1,0
-1.6842767906528682,2.908203528141364,0,0
-1.3313512777195116,-1.232633358876836,1,0
-2.8114419196206293,1.15910554339165,0,0
0.7268808593938401,-0.3859016712642287,1,0
0.8140435981835168,0.2488603218032886,1,0
0.7661777236647156,-1.9140725995300854,3,1
-0.7897810000995076,-2.4771843323105305,3,0
-1.2223453117976213,-0.49593824340993464,1,0
-1.3645521109650423,-1.9227734131795728,1,1
1.6830997645344217,1.602788629862333,2,0
2.6496106159420147,0.6382436827524332,2,1
-2.444184908447314,2.059986421110607,0,0
0.3286527705489505,-0.4853837231170095,1,0
1.3673175956993708,-0.5010115514930024,3,0
-2.5056859626116794,1.8517325365938648,0,0
1.233967464919341,-0.15085669045780115,2,0
-3.0216413132514464,1.1929887494069513,0,0
-1.9185456121905662,3.016104505956684,0,0
-1.670845310215132,-1.9153815578679894,1,1
-0.09316973824389849,0.20191226506690307,1,0
3.3850411297655545,1.7624208328196462,2,0
-0.8785967717072456,-0.8627768048177706,1,0
-2.1972011032034993,1.8416663923238965,0,0
0.25522623502303593,-1.5541412761405575,3,1
2.65875043575817,0.6333938855001229,2,0
-2.710399597852866,1.086005912832951,0,0
2.995673027027997,1.1463039957201189,2,0
-1.612938183229201,-1.1471287130296763,1,0
2.230593977830544,0.660313565846973,2,1
2.321015285265493,1.5215805204584945,2,0
3.5778413554101975,2.1390569224096057,2,0
-3.000063389078296,1.3870128108175535,0,0
-3.2661269521863683,1.2571583149977292,0,0
-0.4995199306781719,-1.5004490928080425,1,0
-0.8758046234398653,-0.9087098441098307,1,0
-0.3240977683485371,-2.003192427405894,3,0
0.4211800207709568,0.7049414268532965,1,0
1.8975679301472603,1.3716127868360044,2,0
-3.2420611518363356,0.41295481948400276,0,1
-0.8415451308619606,-1.7044827049573688,1,1
3.3316565738494304,1.244763512857284,2,0
-2.0796424227992247,2.3548482879607127,0,0
1.9156705992667555,0.12810504084207447,2,0
1.4333504778346353,-1.089674701616507,3,0
-0.6516095054908994,-2.1237364335254645,3,0
3.145459588853147,1.9652883309303324,2,0
-1.9187944163419568,1.998462925904956,0,0
1.6059033574013124,1.65177325715703,2,0
-0.2704906436808053,-1.6267845592596084,3,0
0.6436381079891946,-1.1152312038866476,3,1
-0.6803085879433606,-0.0078964435661239,1,0
-2.5661046366425215,1.8801693768426881,0,0
-3.2916122825720158,0.9549106712185939,0,0
0.25576823747830824,-1.281247072441447,3,1
0.5154821124508502,0.40697440658700107,1,0
-3.326312375498684,1.0290932320472979,0,0
1.2032349120088477,1.7011516896007237,2,0
0.597632202814443,-1.6612977626362808,3,1
0.47864617924801517,-0.8933197119604683,3,0
2.963679210280366,1.0861860271080124,2,1
-1.4330590212131158,-1.7721159496816636,1,1
1.623706979979342,0.5676012105302761,2,0
-0.7990087857450576,-1.9195501903047953,3,0
0.3564668280502649,-0.36665717036796874,1,0
0.23826464361574817,0.9413687874914419,1,0
1.0287724729908574,-1.5392920416957714,3,0
1.0962265845544004,0.07719024976034611,2,0
0.08935168842987062,1.1959046145739851,1,0
0.9697202263903102,-0.3463351302450399,3,0
-3.4120977831078787,0.6007529553841073,0,0
-2.9798199060304777,0.7438068878793822,0,1
-0.34652412495800256,-0.979008069266597,1,0
0.8963008361141795,-0.34132878929082333,2,0
-1.9464074276587664,1.7492637744792066,0,0
1.4732535653770682,-1.093831473414225,3,1
0.09791397397223561,-0.35718728446981274,1,0
-2.491272171107885,2.4044718499329782,0,0
-3.434855439566102,0.8099935881484635,0,0
2.641722654858911,0.3304506951279759,2,1
1.7899539143218803,0.3156929550632572,2,0
0.6585201010301804,-0.9402389012269121,3,1
-0.4406669527675189,0.029383018125033578,1,0
-2.8365969985451938,1.1428353470374328,0,0
0.9113660258505074,-1.327254369791966,3,0
0.7225340847634676,-0.8659261722214828,3,0
-1.0036170068145296,-2.164534116323243,1,1
-1.9110454118436022,2.3706187950189537,0,0
3.604323595796217,1.5615950522388653,2,0
2.1742574893908877,-0.3272697495757332,2,1
-0.0934327513535117,-0.5784952116605498,1,0
-0.49837667122720664,-2.1830078669485173,3,0
3.2871200930264206,0.9073018081121123,2,0
-2.389808405854359,1.6372109740129193,0,1
-2.3516933604410597,2.364564176655079,0,0
2.061124067307743,0.6086989553516621,2,0
0.6471952933107148,0.06040375912399737,1,0
1.8873813263378294,0.14778976225043722,2,0
1.8486432642924344,0.4401022862944895,2,0
1.0990639031415728,-0.5309289808106606,3,1
-3.044891710071625,1.518290762862838,0,0
-1.6183383867061194,-1.9643535872812985,1,0
2.99391023125764,1.106206720122204,2,1
2.6927658308946993,0.49991270183066616,2,0
0.10980570418484847,-0.6460484389419479,1,1
-0.4761875541797347,-2.1669833553254376,3,0
1.3363173790521863,0.5243833591106785,2,0
-2.49295199344557,2.1745714756942993,0,0
1.86946452479878,-0.05914291108694775,2,0
-1.806201075742592,2.7530178686597937,0,0
-0.486390969192296,-0.5506218213935998,1,0
-0.3595582688507783,-1.520318974042498,3,1
1.7131525435125778,-0.727922753000523,3,0
0.3029094171383342,-0.7137883099577151,1,1
2.609236563466468,0.06274333663383269,2,0
0.21696662413645634,1.4646366799210135,1,0
-2.4596266064737677,2.3062417117075853,0,0
-3.004389524662477,1.2730540450987538,0,0
-0.24136095831028795,-0.38871186430165094,1,0
0.44260213812435273,-1.7276678548895543,3,1
1.557081873067632,1.5635913907875374,2,0
2.1767776485628225,0.010325597155297295,2,1
1.4894587170043898,0.25804640082250163,2,0
-0.4829295332898735,-1.6320966629696,3,0
3.1658853638064013,1.574167689699789,2,0
0.25353816845874005,0.5185164710120312,1,0
1.5926873451917534,0.3943789421467422,2,0
-0.5093444465809225,-2.251400785696143,3,0
-1.1254265462999136,-1.6948907251491836,1,1
-0.38308166234945845,-2.5780650724946614,3,1
-1.5702853476056655,-1.4317815162374614,1,0
-0.9827163962326342,-2.3181861575069744,3,0
-3.2371104891421347,0.41111292565617413,0,0
0.29358287885911594,-0.8585914853797803,1,0
-0.022457169195680277,-1.7126443500341726,3,1
-2.140072426781123,1.892169625341873,0,0
-1.5389779653913918,2.3538055653433725,0,0
1.5031784101359011,1.5140467640120594,2,0
2.1634896020137537,2.2609889855648966,2,0
3.0442473176334093,0.650941962050906,2,0
-0.12964730028279453,-1.9084986693972292,3,1
0.5973592403793908,-0.5081280852097858,3,0
0.7501575307151263,-1.5249605043526842,3,0
-1.4332403836196332,3.1630922616014487,0,0
0.7379535462298596,-1.348782354148565,3,1
0.4283203873506513,-1.0078869942714224,3,0
-1.3035588620264809,-1.9624350657426446,1,0
2.3818696399654167,0.7527494409088975,2,0
2.3947992377274088,0.367457659845852,2,0
-2.454168722641351,2.1747946228888493,0,0
-1.6276274589292907,-2.105039131122086,1,1
0.5877152534557688,-0.7735111139896378,3,0
-3.0868347117660115,1.65925785524074,0,0
1.4976585170507366,0.19835383634888124,2,0
0.9986618059667807,-0.6355910970120884,3,0
2.325435256947522,0.3124386993464472,2,0
-3.051973806945845,0.3019316623061635,0,0
-3.40688886043468,0.6245519397117157,0,0
-0.46897772948769634,-0.27189256790571836,1,0
-2.81381136611447,0.9406310018797606,0,0
2.3215837407071085,1.688611460728124,2,0
2.2963822975649237,0.8820149536604909,2,0
0.656591964071167,0.591196522294444,2,0
1.640221411959203,0.8474976073405688,2,1
3.4942435802801826,2.31388300093589,2,0
-0.271048601003387,-2.2778175870184443,3,1
2.3875674153429434,1.873735388144469,2,0
1.2212451632832166,-1.1249537604353013,3,0
-0.3926720415667378,-1.0528213578181522,1,0
1.6249765184483775,-0.27579656010565035,2,0
0.5065347956906212,-1.5404021505995051,3,0
3.061685258354428,1.340541228277859,2,0
0.8461552347546542,0.8713477234112561,2,0
-0.9382380007199858,-2.3412361378575506,3,1
2.897627339648311,1.3567013492464606,2,0
1.0536006263713003,0.35126807346315314,2,0
0.12711717654450327,-1.7269201600126618,3,0
-1.3469680988118695,2.8391250690224332,0,0
-0.6798123477590419,-2.1998609738006145,3,1
1.8093452429080037,-0.6201487438547413,3,1
-1.0658882571880781,-1.5093861974179636,1,1
-3.2767388588780926,1.0695722830488967,0,1
1.3998764027443118,-0.4516428642247625,3,0
1.973870073680555,0.02915162725836179,2,0
2.98700458780478,1.0714029054906313,2,1
-2.1846835231829638,2.5999416049775883,0,0
0.9269197352459968,-0.7441468752294835,3,1
-0.5204600640546708,-0.5358042425456351,1,0
-3.1014964754891836,1.6576783769428853,0,0
2.7555101253027847,1.8120243049542022,2,0
-0.26306547615137005,-0.9397032251242856,1,1
1.5755822677078644,-0.010111975283287833,2,0
-3.401371347270444,0.5967621854238119,0,0
2.0675388430204484,-0.1192504557882299,2,0
2.913962936378426,0.4531539751921573,2,0
0.33882748596938445,-1.1183145905748026,3,1
-1.410211389588727,3.1606221268269445,0,0
-3.263760937356887,1.1485107043352532,0,0
2.8486113149167935,0.6046755991811799,2,0
-3.410076813064595,0.5974002318295444,0,1
0.4926349545225192,-1.6513520351706463,3,1
-3.372479992349328,0.6684054791900879,0,0
3.64408631373966,1.5595009974933838,2,0
0.0033218834086420346,0.5240670605019404,1,0
-0.5279990525599194,-1.8578881178576874,3,1
-0.40047066899074407,-1.6563611711668245,3,0
-0.4654116418219136,-2.385645859644569,3,1
0.6440839609535343,-0.9244860943638928,3,0
1.237675375012104,0.7259574561066082,2,0
3.7115079030911824,1.9339979725542484,2,0
2.7511093042040202,0.8553867835782378,2,1
-2.748311687390936,1.9770444733795436,0,0
0.05958455815618316,0.3651156336165045,1,0
-2.311287528211464,2.568054776061519,0,0
2.241622962868032,0.10996973043115305,2,0
1.8876024132221232,0.49830401663084306,2,0
2.730737141650554,1.0484055786077797,2,0
1.6142774573873113,1.7386119962012512,2,0
-1.286073319657249,2.893628130370458,0,0
-1.3279357168645916,2.82691032617908,0,0
2.268526748580064,0.9890167617640168,2,0
1.4144850260466444,1.5468003438275924,2,0
0.7934712319053421,0.9993581246142923,2,0
1.748509109140859,0.2178360815369267,2,0
-0.9358756030802933,-1.571349757901544,1,0
-1.2287107218136566,-1.800667514972479,1,1
0.8133088489106719,-0.5583947427930402,3,1
0.8109477472937259,-1.2722343928931696,3,1
1.2487902436415512,-1.2102091826748012,3,0
0.8662122563573167,-0.07881698775406631,1,0
1.0658609979761242,-1.2277982592702021,3,1
0.08063981414496807,-2.000734463069306,3,1
1.610397468748991,0.8757720006350198,2,1
-1.2740778303198532,-2.332680493575233,1,1
0.5145685675839697,-1.7255048431152684,3,1
0.553765560216618,-1.0118411583508087,3,1
-3.427404132494296,0.6038468602269452,0,1
1.1877379354997235,1.8720624542687339,2,0
1.6648026840728283,1.52884916913395,2,0
1.6732561400068369,1.3703767632086605,2,0
-0.4181657937710703,-0.3635901817106967,1,0
2.2803935859943443,0.7502352156076941,2,0
1.3075616293565364,-0.879308901360156,3,0
-3.1572293002358722,1.0177506365598084,0,0
0.6993507491217517,1.0874552269808526,1,0
1.620126379283888,1.343173476624246,2,0
-0.29955705775332747,-2.102275822797905,3,1
0.7122343342089763,-0.6048042630355672,3,0
2.373391717474856,1.8866497249637328,2,0
0.6774012320588154,-0.4399183275107741,3,0
1.3570151128052352,-0.6498668730275852,3,0
-1.827054105948456,2.8881034397716494,0,0
-1.3989405939970372,-1.6375281192746851,1,0
-0.7102820942608783,-0.13734372441411535,1,0
-0.8827691288093389,-1.4401210123509276,1,0
1.0951259972608247,-0.5765838827276901,3,0
2.960526941338089,0.9652373323753498,2,0
-0.6263318747577196,-2.220822649471959,3,1
-2.1400533283217493,2.8727720781669266,0,0
0.32278476912732984,-0.38999658345882104,1,0
1.3468332759500965,-0.30379140881365796,2,0
-2.425362886242255,1.5978548319069805,0,0
1.2019849180922184,1.471862278362074,2,0
-3.188992561551887,1.2057267038436308,0,0
-2.804026815446996,0.8678365685241274,0,1
-2.1619098685020086,2.170167131094462,0,0
-0.3658559366804488,-0.22461095454585844,1,0
-0.6775948887046832,-1.169493589645074,1,0
3.4812673211583083,1.5972394194207147,2,0
1.7819648474945433,1.790458827843892,2,0
-0.8589830700639896,-1.6264234389025038,1,0
-1.470588668024314,2.8533555783010804,0,0
1.1417485084892516,-0.11807383622968148,2,0
1.1977147732817504,0.8471728745129985,2,0
-3.1300941162761577,1.0648166253691564,0,0
-0.7993223322827905,-1.8438646739545248,1,0
-3.076335024782867,1.23733589311191,0,0
-2.9342170663727765,0.7877136329093599,0,0
0.4053275654115461,-2.2588184305505923,3,1
-2.861633584956872,1.5903621656680709,0,0
2.4598358284474227,1.4119856764728678,2,0
1.8013017129623996,0.4665813406382578,2,0
-3.127370818533224,0.5101135483277361,0,0
2.038136147400159,0.34245054995873525,2,0
-0.09871216092234927,0.51668263931079,1,0
-0.2059605084832644,-1.8913527070174132,3,1
-1.0778665323009329,-1.192138951486916,1,0
-2.730118399063256,1.2767060036170843,0,0
2.0971347266063396,-0.5285825966208624,2,1
1.5734709232515087,-0.12715092407780126,2,0
1.1162304071292892,-0.7242036997896246,3,0
0.016803885616782477,-0.2917359710948929,1,0
-0.9971976351700185,-2.3153992349687753,3,1
2.1521512000644014,-0.04857027789561896,2,0
0.18141150789846117,-0.8725348460624771,1,0
-0.8795642639257653,-1.7650445781925457,1,0
-0.11033340486753399,-0.9656383460638651,1,0
2.5434798218156223,0.581549728829093,2,0
1.0495364941803698,-1.0916501959656209,3,1
-0.8372918311923085,-1.0903725060912934,1,0
-0.4433233400827451,-2.3331519456339533,3,1
1.1308621531711929,0.6561742785284717,2,0
2.08374034764775,0.4102095194564329,2,0
-1.078336629130708,-1.5071189423504336,1,0
2.3697762789411243,0.44384514182202045,2,0
-0.7064208520028725,-2.609520853547898,3,1
-1.1718893747928358,-0.8853467386226488,1,0
0.4161715859114549,-0.20439142395513799,1,0
2.819075186798753,1.8041318136507456,2,0
-1.4999835684945553,-2.1034866760727313,1,1
0.8705004571807176,-0.19171461726734595,3,0
1.0484137100537172,-1.1357117678588056,3,0
-0.8923567668311689,-1.100368193584078,1,0
-0.5982423162441654,-1.4033702106709482,1,1
-3.413377254860728,0.5986281610480971,0,0
1.2870420380170662,-0.556821748192816,3,1
-2.266833900514479,2.2647958004121884,0,0
0.39258851912035436,-0.387975616347797,1,0
-0.5872600327975798,-2.2843555019741277,3,1
-1.0922007893313321,-0.68543102505559,1,0
-1.955443796749975,2.6348522664770684,0,0
2.218723847362821,0.3567925766123947,2,0
-3.222258501059534,0.40558724417268804,0,1
-0.8094223393064324,-1.7260272687880616,1,1
0.6290746589768808,-1.4324133300102517,3,1
-2.7134643822705535,1.5682515805631068,0,0
1.1582330324451606,-0.5441615533160895,3,0
2.5315093642158364,0.4183783727650173,2,1
0.0075218108409229045,-0.7299876541887409,1,1
-2.047295815438973,2.398266373011378,0,0
3.2812607197787798,1.5391755230951412,2,0
1.1914042149104644,0.8828179007904016,2,0
0.9540407820575412,0.9366323910045596,2,1
1.7103908054593415,-0.23954509430467863,2,0
0.6501588792279211,-1.6985146684280672,3,1
-3.4166776966568624,0.5998560902666495,0,0
1.2846935784496551,-1.043578905417839,3,0
2.4984352210338625,0.5743754269152612,2,0
0.556555690718249,0.46667229148974537,1,0
2.3464346873419184,0.8773213171902954,2,0
-0.23518021326143781,-1.9715566271283447,3,1
-1.648438201879967,2.4403348101461813,0,0
-1.5463205693212831,-1.8796823228621824,1,1
-1.335276920631293,-2.248627188456372,1,0
-1.1350442582732254,-1.0525106774651112,1,0
1.2252428626559844,-1.3141786368905688,3,1
-0.588028187386332,-1.453005199491806,1,1
0.971016894847907,-0.8778114602354219,3,0
-3.017066488183201,1.5343181684485898,0,0
2.6529007975666823,0.5379081804686568,2,1
2.5828291396294945,0.9167009351640251,2,0
-2.412522849147996,2.207003292525152,0,0
-2.9292059852513375,1.411295078729983,0,0
0.4454729815541168,-1.6117938028640444,3,1
-3.223083611508567,0.40589422647732626,0,0
1.2886948816408892,0.19434268297122362,2,0
1.3666875869335728,1.0303686323339425,2,0
2.186557337926861,1.5843799250910504,2,0
1.0823232616546767,0.537657365434027,2,0
-0.1484792504391098,-1.9930544470975662,3,1
-3.1222458121290626,0.9228806075696218,0,0
-1.5841269626437608,2.891266268496011,0,0
-2.541210549016832,2.3667868779006533,0,0
-3.0167819588095077,1.0509709625370598,0,1
-1.1175470603516988,-1.996327742452147,1,0
0.37069071069178855,-2.2909593849881205,3,0
0.8723032131432864,-1.8255271465331113,3,1
3.5100300738115635,1.4602215581176132,2,0
2.9522380811606928,1.9340574208903467,2,0
0.7474223671133173,0.5383430291288129,2,0
0.07967296614537275,-0.9392391661442805,1,0
-1.838162477035998,2.893396485920312,0,0
-0.372256603376805,-0.17954070055752913,1,0
-3.1723970807853656,1.203406430553825,0,0
2.442744712627362,1.1949226398144706,2,0
1.2844577237742505,-0.045281985306325934,2,0
1.9698637507534638,0.7782514849966402,2,0
1.5359426359313297,-0.053658736376907046,2,1
1.6345339843170141,-0.31533640093888304,2,1
-0.8828630339615948,-1.257428402010102,1,0
3.8412003201679714,1.8547048603690688,2,0
0.024271454847990426,-1.6623851674807384,3,0
-0.19950246401150246,-1.7486582618694542,3,1
1.9353470882681123,1.2788787192355402,2,0
-2.4028723906324374,2.1947204731913508,0,0
-0.5983398355924965,-1.4019897210548682,1,1
-3.0255828089045056,1.2528540473404508,0,0
0.7555386088583986,-1.113840853966105,3,0
-0.8511799517111598,-1.735778968613847,3,0
-0.8147436392661347,-2.1946759011748362,3,1
-2.4780979243235373,1.9183356213972524,0,0
2.172331979747869,2.164880802030354,2,0
-3.2214333906105,0.40528026186804983,0,0
-2.448607460017646,2.0342160002035676,0,0
2.5262785361322644,0.4167029053501908,2,0
1.9428213594999495,1.0321023896122639,2,0
0.4116533611452748,0.6732390345818133,1,0
-1.3636988968982255,-2.272225601582554,1,1
2.9925882683420513,0.5769604955445888,2,0
-0.4334895848633601,-2.008968910281599,3,1
-0.7572966640691232,-2.0965573660740233,3,0
2.1306317705561026,1.9623726736205391,2,0
0.9344539744305373,-0.5283335821680748,3,0
2.1199299102684384,1.3205687211150523,2,0
2.9732906153674157,1.7970312012145448,2,0
-2.989782615390412,1.6753193383396705,0,0
-0.10573888453584902,-2.049059842535466,3,0
-2.4656345210469905,1.541597831232697,0,0
-0.030283578760549573,0.2070396324599371,1,1
-1.2881344494455353,-2.196082499278255,1,0
-2.399088437136625,2.075634646281798,0,0
0.9334880459868267,1.0655012005414308,2,0
-0.27196176506909986,-1.1739763943802337,1,0
3.4563718927860654,1.7133272744616463,2,0
1.500059283666083,0.4261769094939153,2,0
-0.3811227624640423,-2.041113988070834,3,0
-1.862833527765044,2.8474381373128663,0,0
3.4828569030290413,1.3783081839362388,2,1
-3.114483340920813,0.44616588531502316,0,0
1.5800963467286013,0.36826000197859776,2,0
-2.081777528138381,2.7904027536415885,0,0
-0.5541568448253577,-0.30329806062582454,1,0
-0.9612941889270978,-2.28650890719221,3,1
-2.4530633656696375,1.7175155881828301,0,0
-0.31995240005661574,-2.4032796621756622,3,1
-2.8422120317364956,1.4237226516011685,0,0
1.2015777183439094,0.6039426323838375,2,0
-3.300952626543259,0.9624946946418471,0,0
-0.6224668589544428,-2.0954520825342096,3,1
-2.5489147492547555,1.5234923702034728,0,0
-1.2696564041736982,-1.9970383985883962,1,1
1.4915254242548983,-0.3879211468026116,2,1
1.1503096049971908,0.08178996176718362,2,0
1.8858522273512988,0.6335940913107154,2,0
-0.4273121855544645,-2.0637552613832693,3,1
-0.7021928548732816,-2.571564426461947,3,1
0.7425736059400658,-0.6299815962002064,3,1
2.4490616843122073,1.831594491106826,2,0
-0.15307788035853637,-2.2839102308087913,3,0
-2.12134836990189,1.9915029031453522,0,0
-1.088563607609738,-1.8607077817605424,1,1
-0.759630671425304,-2.321256646970327,3,1
-0.7610536863876718,-1.1364514458650736,1,1
-0.33248223830596774,-2.0112117614548684,3,1
0.27714089135557435,1.3052107543637321,1,0
-2.0124323115308957,2.191210828342216,0,0
0.6817216654993381,-0.757255826660638,3,1
-0.5575412364469976,-1.216981917188283,1,0
1.9871134109183097,1.1552930194227802,2,0
3.735407700697748,2.1356968340353317,2,0
0.06734643118071723,-0.4454191002948754,1,0
-2.976401713569467,0.9153245060221323,0,1
-0.27711188377651597,0.33112568201097564,1,0
0.3853115140979078,-0.7723096353059156,3,1
-0.8208607148817257,-0.6001052128066503,1,0
-2.5567442815627452,1.442850521703837,0,0
-2.292281357851901,2.522689397309362,0,0
2.256224800539926,1.7156054488147605,2,0
-3.375019864485346,0.6446039487386637,0,1
0.8921620306418232,-1.4025925112312452,3,1
1.7345794662197165,-0.7709602148483645,3,1
0.5155166234111446,0.4360660436230694,1,0
-2.163177816939453,1.8515553908989242,0,0
0.343590891716083,-1.7666943179355543,3,0
1.0291109761135937,-1.019578819641127,3,0
1.5502171934342264,-0.35026556058440905,2,0
-1.3807802394401236,-2.063206788293809,1,0
-3.213334035202506,0.724204088812126,0,1
1.0859896239577718,-1.1550832261447224,3,1
-1.6794386264540255,2.4655052832515123,0,0
-2.604639841963277,1.698299646998686,0,0
-0.44088192469730547,-1.9811029539758966,3,1
0.7268162670223799,-0.2005437130591935,1,0
-0.5495970537137858,-0.41616189374597645,1,0
-0.5632148718420844,-0.09579766601887268,1,0
-1.4517755673787367,-2.176322780043477,1,0
0.6676317199828703,1.7310375914187948,2,0
-1.195233498504438,-1.6050204460136777,1,1
-3.2421788173246164,0.8181903628163205,0,0
-3.3890759910387396,0.6205558048473758,0,0
-3.275572318683603,1.0949560906127949,0,0
1.6548482573187016,-0.41006173018801684,3,0
2.217368590825035,1.9593601749494383,2,0
1.8990955056199603,1.6647248931483007,2,0
-0.6335665958778057,-0.10534983906617229,1,0
0.5551711348771329,-1.550451540548624,3,0
-3.271030600460819,1.028786493774938,0,0
0.4268391076821419,-2.0241998109349773,3,1
3.166982068867431,1.94983827190382,2,0
0.574631950683296,-1.5117161657733929,3,1
1.9634615484057962,0.09184230974674129,2,0
-2.020069515579672,2.867301295953725,0,0
-1.4290543107151281,-1.6194743346234681,1,0
0.8332624056605824,-1.7219756063324525,3,1
0.8032173239767646,-1.3776848073037962,3,1
0.863713636137956,-0.10808459350364485,2,0
0.5017231888224487,0.5058672189595812,1,0
-0.13968550227283955,-0.3725635426429982,1,0
-1.0554296271424715,-1.744062976346764,1,0
2.7287073300227838,2.1086379070549985,2,0
0.46187945900735866,0.1706840868494766,1,0
2.089857197231753,1.0765689058376189,2,0
-3.1090783169227962,0.44675576812784296,0,0
2.9501332331209933,1.840737668413524,2,1
0.8023579460205923,1.4626645555659128,2,0
-0.8858262799951893,-1.4906821296267116,1,0
-0.05537480218425467,-1.7640827891344781,3,1
-0.3323593696417496,-1.9790142281612824,3,1
0.8915273702994624,-0.42446894879624075,3,1
1.798521871806656,0.06423652186311674,2,1
0.4323363361141636,-1.365654803290897,3,1
3.025414275169254,0.7833798010098985,2,0
2.196165341972949,0.8320473563625226,2,0
1.8654279672286715,0.8184244721846661,2,1
2.0488091423811072,1.4801744420324527,2,1
-1.1654801023308952,-1.9862787393696382,1,1
0.17817957489410602,0.33166611274332347,1,0
3.0585175029926965,2.2449085196967444,2,0
0.06526593377367845,-1.6361427233381056,3,1
3.752845825139568,1.9169693246179924,2,0
-3.1648367516075484,0.9073040677329306,0,0
0.45340533492270013,-1.2623879280008874,3,1
-0.9319538769799531,-1.4587937863956686,1,1
-0.37395508839808983,-0.76151541642387,1,0
-0.7620706143204243,-2.484064394359039,3,1
1.7501319688092298,-0.04841032483163504,2,0
-2.7318316477393574,1.6540901814192144,0,0
1.1447528526145478,1.0287195741332722,2,0
1.3044457193007784,-0.9159263393201977,3,0
2.4877425626763356,1.9233785484167019,2,0
1.8216755568596523,-0.07895070098057605,2,0
-0.08847243481109174,-0.09058010047823589,1,0
-3.154715210561633,1.4721689346696258,0,0
1.9140316154036177,-0.06508044936567231,2,1
-2.2811000589863046,2.2246991685151194,0,0
-2.249211664450323,2.301739311346714,0,0
1.4381497266631855,1.0994710677883344,2,0
0.3472139375598779,-1.0948517827282997,3,0
0.7361348252153916,-0.933703927258162,3,1
2.604112699268107,0.5634091361163193,2,0
-3.0381246778207767,1.611874609468293,0,0
0.44328115873946555,0.671030331803901,1,0
-0.6942927611784631,-1.569384835185293,1,0
-3.3546828468365733,0.9241384606065032,0,0
2.553762424815647,0.09522869429634256,2,1
0.7734578676309019,0.19841736710733232,2,0
-0.17727075214998209,-1.920571931675368,3,1
0.15308714146231944,-1.042525969934588,3,0
0.84737419015094,-1.3321699894556365,3,1
-0.6136426111125473,-0.4982477736897978,1,0
2.245063410799755,0.08817390300356753,2,0
3.0642570196063774,0.5412867716052848,2,0
2.762069636712594,0.6756891598841566,2,1
3.026492537255657,1.5563322651331246,2,0
1.437843559166611,-0.6003883974167116,3,0
0.2079313767699632,-0.2817938528480086,1,0
-0.08242252900237768,0.15598838715582747,1,0
-2.8615446254556054,1.4099836332818119,0,0
-1.1037024198772343,-1.7082822852754254,1,0
0.9327191996636668,-1.0314754921547533,3,0
-1.2501321377647214,-1.910686786052595,1,0
0.38418954296685376,0.3507866354512644,1,0
-2.4928493242588883,2.401366265165496,0,0
-1.0362506756306493,-2.154993583083005,1,1
2.1595304610013675,1.7721311330644312,2,0
1.6882095258624232,-0.6491235981510519,3,0
-0.34421835183064825,-1.2035351696472338,1,1
-2.4019114326657434,2.2059723970020313,0,0
-3.014572831484308,1.6804916580151534,0,0
0.6467119980563141,-1.2534893250631318,3,0
-0.8427722319092428,-1.5449705296888219,1,0
-0.6501957528716619,-2.3313955600932372,3,0
-2.2637573023560953,2.299180043022881,0,0
-0.36867180502467417,-1.0289500939947895,1,0
0.014878935455314463,0.2282326792130842,1,0
2.462350772108794,0.26843460963987376,2,1
-2.3232603048520657,2.2867463347040626,0,0
1.1388092695127567,-1.3861711231671885,3,1
-3.237590163476457,0.6120650361953013,0,0
0.6697388166532339,0.9125298994990304,2,1
-2.7990480248499563,1.6775377859566338,0,0
0.4253201910155496,-0.8915588825727812,3,0
-1.9015716424209763,3.033882238199129,0,0
0.25974730665307233,-1.8901967535546496,3,1
0.5600038263156044,0.36273583261434944,1,0
-2.7271570716723477,0.9096513557791753,0,0
2.6091198660649617,1.8140429226524686,2,0
-2.3337432117716435,1.615863552460497,0,0
-3.1619819989930273,1.5717630274100678,0,0
-1.392363325381889,-1.8232016644155495,1,1
1.3374541342438067,-0.04646805239401658,2,0
-0.4346149365450317,-2.028545744302396,3,0
0.8804995469611139,1.1717999994435297,2,0
1.2478152586957783,0.12967983415262974,2,0
-0.29585060140566355,-0.7187063394096873,1,0
-0.10547334726391139,-2.0027703899798457,3,1
-1.1711790068489802,-1.4066097975905258,1,0
-0.45798591033522,-1.5522149906380673,1,1
3.2762011794218475,1.455196627253852,2,0
0.016686847177877773,-0.44994791425704417,1,0
-0.22372801910446946,0.9321805734475823,1,0
0.9456346528881783,-1.4442305420911619,3,0
-0.9429996170380455,-1.0002671304655235,1,0
2.5466466235463443,0.9703247102217633,2,0
1.0306121877389058,-0.8497907403461413,3,1
-1.2476206335886042,-2.0192759952467743,1,0
0.7765031132858029,-0.8512567044567301,3,0
-0.45250643523084,-1.5670130242776208,3,0
-1.3637180617937168,-1.5692273231711764,1,0
-1.381343513283864,-1.87086243314322,1,0
-0.7557488907992669,-0.55121223711104,1,0
-1.33919210266553,2.8848881213969415,0,0
0.5430556585757562,-1.8925597146087887,3,0
-0.36260089152500996,-0.4689101096342,1,0
-0.7845414746221913,-1.714261701602238,1,1
0.5467888576201991,-0.1408459899620763,1,0
2.5424775020780386,1.0831386771022,2,0
-2.2599131604882885,1.3624915420970214,0,0
1.4514682510453372,-0.4137230136531561,2,0
3.664234114645875,2.1258744105739433,2,0
1.3095712970760833,-0.2960688510123416,2,0
1.667960037152754,0.6049870771089187,2,0
-1.619630421612239,2.6288420067107925,0,0
-1.2993171498020468,-1.8726484155006375,1,1
1.0326260935976832,-0.5539067041928517,3,0
-1.8706618560937711,2.8685357457148912,0,0
-2.7679809385381016,1.737028807747244,0,0
-3.08732872246417,0.6072699958410722,0,0
-2.2489273912763474,1.8957471089835827,0,0
-0.256459259846351,-0.6113295677369819,1,0
0.7829742942388993,-0.00801361175483073,1,0
-2.3766260889123187,2.0862157723138353,0,0
-0.5717226253507206,-2.125169295546942,3,0
2.8559309096325927,0.36171198780762454,2,1
2.3548244225346995,2.106150634157024,2,0
-2.6323268674257823,2.25409593677742,0,0
2.397461649584199,-0.38542888871525316,2,0
1.460278799089168,-0.7316810284049584,3,0
0.8439848507138787,-1.2347958493965734,3,0
-2.6336535906426204,1.8863805538200158,0,0
2.247761312883841,-0.008693707666249273,2,1
0.07512786579928513,-2.0888061582131945,3,0
-2.8931287525705254,0.7267502094117315,0,0
2.114119779244614,1.2033025379106728,2,0
-1.7013743968293682,-1.9040232125963785,1,0
2.4626957637279236,0.4320409394082372,2,1
-3.337193067212931,0.5088817228195371,0,1
0.12531252930298337,-0.32884475579594585,1,0
0.9791475945638031,-1.4525962501365544,3,1
0.4111422564476053,-1.5161227908567223,3,0
-0.6976064129719357,-1.5187704605896533,1,0
1.1393580610922784,-0.18100313982759364,2,1
-3.39312024278011,0.5936923623774304,0,1
-2.70456239746559,1.7285234189057836,0,0
-0.4968730282154078,-2.1813033566771116,3,1
-3.2458159549362855,0.411750972061907,0,1
1.0828312034613443,-1.5766894281096224,3,0
3.364683891495813,1.2531814056156092,2,0
0.4045319860641841,1.0680010518553638,1,0
-0.37379350477207574,-2.032338300021287,3,0
-3.3307558014936336,0.6841912034292021,0,1
-0.7642994359479574,-1.967867700021322,3,0
2.2509737621000676,0.13678548653310163,2,0
-0.1322384133985247,-2.202794619321433,3,1
-0.6668717425684823,-1.5691376389115377,1,0
-1.2997413456718951,-1.793819170396895,1,0
0.11578101127987495,-0.45949946783055506,1,0
-1.3869749062343788,2.964505348971376,0,0
0.003485104801403821,-1.9266245133327378,3,0
0.1855144535235022,-1.5784853636529232,3,1
3.3243145814265103,1.7230715527077147,2,0
-0.8798711437067794,-1.3742682444590868,1,0
1.1717439885130454,1.0064958648279188,2,0
0.41114086685029855,-1.6430232225636046,3,0
-3.13829791214533,0.8339095112391974,0,0
1.2583659423152946,-0.46917033152769905,3,1
-0.9917694650574966,-2.2203088386839234,1,1
-0.9779814682923651,-2.285293203211129,3,1
1.520367537865063,0.7755752781819307,2,0
2.8158044384647387,1.353389933507414,2,0
-2.6949606563575306,1.7368109991949652,0,0
-3.0411569113837564,1.2900449831507999,0,0
0.4256864884558073,-1.8243697114702144,3,0
2.2685377872602577,1.5727927338875936,2,0
3.5086274618603643,1.62984605766763,2,0
-0.9356430807014509,-0.7753975059743574,1,1
-0.38381191705277606,-1.4006246331048589,1,1
0.2470404993610874,-0.18532356870636257,1,0
1.636936615704648,0.025605873284627212,2,1
0.20387723288889997,-1.7426910737313908,3,1
1.2031034501913584,-0.284081362000554,2,0
-2.3566554636969443,2.2559053582745068,0,0
0.30558206750746036,0.40561532592680505,1,0
-1.4929283235984712,-2.103510757869187,1,0
-0.8839702373646661,-1.4128477167569862,1,0
-2.7464366883698434,0.8169033371606282,0,0
0.5499131121356087,-0.011036071075895382,1,0
-2.8180518390469573,1.5918533614985886,0,0
-0.37313235686295587,-2.434527329300347,3,1
1.9342854377080532,-0.8209564544277863,3,1
-0.8936547514508111,-1.277409969667907,1,0
0.26761473624734067,-1.5292576748492248,3,0
-3.411940707126661,0.6279374038052864,0,0
0.5878654849924774,-2.087435757123049,3,1
0.4808009931401977,-2.024614645624201,3,1
0.9806942506181695,-1.7096941535465,3,1
0.7161772267760034,-0.4988191736450991,3,1
-0.744661211073488,-1.7445245738352366,3,1
-3.0631134352526153,0.28284234818756554,0,0
1.3179473412487046,-0.27104487056265836,3,1
2.3500106150638915,0.1841760725134213,2,0
-0.756522391353889,-1.8459368386811381,3,0
0.3740024001105717,0.06987510568607419,1,0
-0.7141458406910983,-2.3961859165000607,3,1
0.3348450843488155,-1.9404559119306273,3,1
0.4357483881160314,-1.4322936316177646,3,0
0.5353205314477145,0.8641902447344876,2,0
-1.9999861977289297,1.406688829286821,0,0
0.7670597341282037,1.2607964026645644,2,0
-2.8900728101100186,1.3408804081193373,0,0
-2.1520582313852845,2.7278584260691083,0,0
3.0747217989470674,1.4286153378436857,2,0
0.20762856236366767,0.3906730801303929,1,0
0.2986272103634976,-1.8452689183550073,3,1
-0.42441977362063105,-1.649649354979865,3,1
-1.4785273027502381,-1.672368133136865,1,0
-1.002004744161773,-1.0915349048506824,1,0
-0.9602686651615655,-2.046580599632515,3,1
-1.3304196508696142,-1.1212791627685947,1,0
1.957753988747249,0.1539073154245754,2,0
-0.16293931764573963,-2.3427091142370937,3,0
1.9451560430462986,-0.12968088839803094,2,1
-1.8912156954140928,2.1421725946175387,0,0
-1.255687374703996,-1.536989320995927,1,1
0.30945293954743225,0.39708424304835743,1,0
-3.2948912887568276,1.0763258937509352,0,1
-1.4378188980007451,-1.535843144434769,1,0
-3.2749880010625154,0.4317070475696459,0,0
-2.046181135481307,2.031099879945327,0,0
-2.445212005390532,2.0513116645784413,0,0
-3.2746189906721335,0.7747161270884193,0,0
0.956178048942173,-1.043765711155001,3,0
-1.595126280380903,2.5737191840830045,0,0
-0.025720255210802484,-1.930514701794426,3,1
0.5684773912894061,-0.8053630340976228,3,0
-2.3388215462200086,2.6338862804575047,0,0
-1.4668440616536815,3.150145390645336,0,0
0.2623695028806302,-1.7845327113551657,3,1
-0.15716420280985305,0.25920292504208253,1,0
1.3188126480494722,1.1578946193843938,2,0
-1.3328868905308622,-2.049643503895391,1,0
2.4078230617838696,1.6753528984409025,2,0
0.2704761692161756,0.7546149705621477,1,0
-0.7986528873275227,-2.511202992585927,3,1
-3.4175028071058953,0.6001630725712875,0,1
-0.21751521040895916,0.8026658881035345,1,0
1.3215145349765718,-0.29778364516529243,2,0
-0.1848942745218845,-0.30892425417611,1,0
0.829607702054781,0.8716851749141428,2,0
2.0430451920166495,0.10640336264576522,2,0
-0.24640688168754574,-1.1445021928377854,1,0
-0.7555627388554318,-1.5608016100801192,1,1
-3.192238899744789,0.4516195815423056,0,0
0.588025385846588,0.11987402855568602,1,0
0.5181671486920592,-0.9323892492257917,3,0
-0.07104085960986481,-2.018742142677672,3,0
-0.4403421421000806,-0.2014271270425203,1,1
-3.0793622167148205,1.3442871239776006,0,0
-2.8621900202371022,1.497759213674464,0,0
-0.5723146267349555,-2.0115622327385143,3,0
0.07043810070380949,-1.8104310631115503,3,1
-3.0742884395951537,1.0405802147460748,0,0
-0.8967195965105508,-1.6276840336513436,1,0
-0.5837118639647603,-1.922433367610345,3,0
-1.3184072995313247,-1.8064757300452399,1,0
-2.1487871845948363,2.8699371686701545,0,0
-2.0496648860693436,2.089856946368476,0,0
3.0691416372347065,0.7093166624255649,2,0
0.4839176536024277,-0.9575297538329202,3,0
-1.1640689772272246,-1.830421056918125,1,1
-0.0618829987699106,-1.8645078769961583,3,1
2.2503588056240034,-0.3803013157611984,2,1
2.544015180117577,1.350108038013921,2,0
-0.6483028597363579,-1.0270771534643524,1,1
-0.5318059245085924,-0.9058204334226321,1,0
-1.1438902635043506,2.6727368614347604,0,0
-1.2516925347207484,-0.8901118573938798,1,0
-0.8127550888480961,-2.07211690971688,3,1
-0.15255496036309657,0.20552486183147492,1,0
0.050504487687759864,-1.5051274341662741,3,1
1.5393729703996308,-0.6908729511324543,3,0
1.2089726006342554,-0.7123257956645428,3,0
1.0684145580654227,-0.47640469713842304,3,0
-0.5668804580671709,-1.1232908345994992,1,0
3.024543938150278,1.6752930421001628,2,0
-1.6901935996881172,-1.9055822059160257,1,1
-1.8708407952579575,2.8538650375784584,0,0
-0.5094749398732251,-1.841148757789475,1,1
-0.46902347644697945,-0.7349767350354814,1,0
3.5421440211575534,1.4242149882331252,2,0
1.2662546616898949,0.4052109627755378,2,0
2.083782939927676,-0.6471946907786377,2,0
1.3033587810024327,0.9837346033280927,2,0
-1.5123602252300563,-2.0988819415031594,1,0
-2.093818235204071,1.7407150839131345,0,0
-0.36575434291975695,-2.5845117008920617,3,1
-2.8522014863145837,1.8697696048201513,0,0
0.39679807142008056,0.2983481606486178,1,0
0.08892170158268636,-1.3535727474797954,3,1
0.6992439618051425,-0.9971996611199689,3,1
-0.6623084411198168,-1.208039371368366,1,0
-0.3950400947451227,-0.5386914680184619,1,0
0.9771466851389912,0.3170562760958746,2,0
2.034102491199689,0.5704829618476202,2,0
2.1177229585678834,0.9684702717157375,2,0
-1.235752230429748,-0.9634086166959503,1,0
2.137221535039931,-0.5474746326388656,2,1
1.8392643481780746,1.586370962714684,2,0
1.5614579641472537,1.931211859524161,2,0
-0.9978449531608811,-1.5511475403186445,1,0
-0.683696436877923,-1.220842378970455,1,0
0.08512660225980301,-1.3559241201310608,3,0
-2.163871763510853,2.788560334522093,0,0
2.514692545219246,1.5351709103450584,2,0
1.7394215152392418,0.587804011402719,2,0
1.242059896247746,-0.7646812138896444,3,0
-3.3446333230306418,0.688697387634484,0,0
-1.0164315042228422,-2.2496723073638227,1,0
-0.11553963488367497,-2.056731915118654,3,0
-3.272141920570198,0.4280473417104452,0,0
0.7987703126087302,0.39033183909859126,2,0
1.4902005559643443,-0.30345252872140094,2,0
-1.89347121902358,3.0376939726306382,0,0
0.1701979913681796,-0.518169318906023,1,0
1.9734109112045106,0.6743608128081402,2,0
3.8147466328874153,1.743980751113754,2,0
2.162593415639402,1.566554478814484,2,0
-1.9383144784412993,2.6707424679377647,0,0
-1.3426364237931463,-0.922557078723117,1,0
2.4128128874827652,1.7760985162838434,2,0
-1.051280422162479,-1.405754321861753,1,1
1.2327027842078144,1.012700418403396,2,0
-0.47596920424012734,-0.9678808421450202,1,0
1.5772900682257691,-0.820461995393567,3,1
-3.0505561606651557,1.5870720355924022,0,0
-1.5306678092244521,3.13674495034722,0,0
-2.646870979770785,0.5961142106673273,0,0
1.3344216711660841,0.5826955860127276,2,0
1.189684694769453,-0.3698011020589338,3,0
1.404656964719091,-0.19264868347876407,2,0
-3.427404132494296,0.6038468602269452,0,0
3.468768890074396,1.397790599542619,2,0
-0.055777383672120096,-1.7194847793501673,3,1
-0.592487311843512,-0.15219039595333173,1,0
3.162474126286777,1.2398520826416397,2,0
-1.157998222699187,-1.8448029412327591,1,1
1.1617116101305875,-0.46784811648185864,3,0
1.1861684136433157,-1.3697803768198749,3,0
2.913430616725726,0.541799101643665,2,0
1.3077627836869248,-0.960943642654607,3,0
-0.024630784235909392,-1.7444303369533858,3,1
2.5145516749440566,1.4924067818487012,2,1
-2.2335938354414595,2.7301791926934555,0,0
-1.5638116483668454,-1.8693253988350806,1,0
2.564711537355452,2.3132697863477083,2,0
-1.2759600723336446,-1.8241923095010348,1,0
2.0522474987819597,1.7643190395760449,2,0
1.169596726312976,1.4333196703639823,2,0
1.8457903320141107,0.33637051750403624,2,0
-1.1541031456617026,-1.2339948088011063,1,0
-3.350093400544399,0.6902335722195825,0,0
-1.361059173093893,-1.0934057134148418,1,0
0.03093272584543036,-2.154222068300114,3,1
-0.3644856751759302,-2.253280206088043,3,1
1.8520688999792478,0.8917712409924079,2,0
1.1093258473255803,-0.8212113391979496,3,0
2.2909810567322495,1.5163577858536825,2,0
0.274381508340925,-1.3226642050978634,3,0
2.6508061944717585,0.5769379035359494,2,0
0.5888807642173173,-0.38195310510311153,1,0
1.1412837430221254,-0.2418294944189241,2,0
2.7704659928731568,1.006230447858122,2,0
-1.8931062984125817,2.785160911766594,0,0
-0.7387082883400937,-1.5385989706690244,1,0
2.477500475047822,0.9333162841012308,2,0
2.515560219342902,0.5393164025877539,2,1
-2.8200741239560894,1.4983715373675477,0,0
3.200862108432962,1.3059795357819746,2,0
0.2754485650968077,-1.3009886395090096,3,1
2.3887656975071696,1.624544916236942,2,0
0.990309943806408,-1.3126514818904353,3,1
1.106733756874438,0.10949584083279879,2,0
-0.409441495594149,-1.0679744780881961,1,0
-0.539282306416867,-0.996088697979165,1,0
-1.1887087281193958,-1.853428950280912,1,0
0.3368763175969168,-1.897609424271477,3,0
-2.9423949653278414,1.4938661651941445,0,0
-0.4729940931443147,-1.5080356637058467,1,0
-1.412023102785793,-1.2617262703351144,1,0
-1.7836677842040591,2.796963972229122,0,0
2.7547112801935767,2.1797806860278723,2,0
-0.7026660489029224,-2.6083170061258016,3,1
0.5331595265477722,0.2665075115377253,1,0
-1.6740318922351185,2.782813218484015,0,0
0.3230539346886703,-0.36664289946107265,1,0
0.6604611797557707,-0.17632232451226826,3,0
1.3459690746153157,1.8110039332870025,2,0
-2.8969858799560986,1.4506265159252802,0,0
0.20958053639161217,0.8532813690868559,1,0
-1.3903420347937998,-1.8458702495177912,1,0
-1.030652089894192,-1.4284348831496578,1,0
-0.6073896579076361,-1.591765082094505,1,1
3.1316812414478705,1.1959887010928094,2,1
-2.017594590943654,3.0430891287256,0,0
-2.894995651146369,1.6613898046520266,0,1
-0.41143299681401263,-2.425981211136362,3,1
-0.734786595245617,-1.3070890481798736,1,0
2.5738175758206143,1.3393734597811886,2,0
-3.0288774989820664,1.1679731670725588,0,0
0.2984578108344817,-2.0075830024078414,3,0
-2.659470624058667,0.9826915054703208,0,0
0.7996626095773787,-1.1525137217680532,3,1
-2.549009698165127,2.119887336330384,0,0
-1.9991357312774338,2.7025553922166443,0,0
-0.38715662173152304,-1.7189746309325546,3,0
-0.7743969630204819,-0.9479580644816334,1,0
-0.5537742914790691,-2.0390411107961635,3,1
1.073623451266705,-0.9070577203419168,3,1
-0.3323126402833847,-1.6043109589524132,3,0
0.10722006406285778,-1.3691973123488157,3,1
-1.5580788960433654,2.486009118926977,0,0
-0.2667733458382189,-1.4899246763461376,3,1
0.24316658472160324,-0.8349935901763146,1,0
-0.858512956113594,-2.0511917237023134,3,1
-3.3997211263723774,0.5961482208145357,0,0
-0.3919953528152804,-1.7232977922430746,3,1
1.2799152399844371,-0.2460006297627484,2,0
-0.2149641122947693,-0.4957784466149473,1,0
-3.300503846669947,0.7577606450845877,0,0
-1.3352441512897746,-1.9145854017021018,1,1
1.2126057861741713,-0.7637354418489071,3,0
0.07697188149196899,-1.7756968080833684,3,1
-0.5738863588926062,-0.9997671090862832,1,0
-0.5401710551962426,0.1938867983960624,1,1
-3.2180084474012127,1.1879417122659448,0,0
0.503018168563683,-1.3133184453577782,3,0
0.0978113780992812,-0.510198485452772,1,1
1.166276947765398,0.6275091582991835,2,0
-0.472645746280995,-2.4014733134094346,3,1
0.6227402720717996,-1.2889520335996263,3,0
0.793635903268517,-1.17503803173785,3,0
-0.02555837160347213,-0.7830014976922202,1,0
-1.6660567193974394,2.576813582807583,0,0
-0.4338262483495877,-1.551575747095538,1,1
-2.71848368338436,1.4082994321038163,0,0
0.40231486224791274,-0.7718776513259167,1,0
-0.8616682172841996,-0.987202491163863,1,0
-0.13830698537081643,-1.594118418372503,3,0
1.5470760429699666,-1.0470135246598962,3,0
0.17237127518152567,-1.285613023639293,3,1
-0.8745184882681298,-2.0649054870701002,3,0
0.010479433306404079,-2.084627102187196,3,0
-2.159135007507853,2.343995498851191,0,1
-1.5964313461417559,-1.6959734252097836,1,0
-2.0675652924084624,2.5146506939948976,0,0
1.846252356523434,-0.7417766743259022,3,0
-3.4257539115962294,0.6032328956176688,0,0
-3.2641527545562945,0.7743326051504101,0,0
-1.2214707696954257,-1.7750198880869725,1,1
-1.6803569589322729,-2.0789193277251288,1,1
2.202436807174395,0.5552783512507935,2,0
0.7010725575633283,1.244265756386155,2,0
-1.8016774246016662,2.985334328707146,0,0
1.5623889063984902,-0.03296027009417246,2,0
-0.9680511816299295,-2.0876446678094425,3,1
-0.37943736887953583,-1.789878792168712,3,1
-1.2095864057276213,-1.363758060984691,1,1
0.16800311794100786,-0.5182287995251076,1,0
0.3574165285061785,-0.9974501001086928,3,0
-0.7328243863719419,-2.5996974197994787,3,0
0.7555223246587359,-1.6901820965474552,3,1
3.2080129865657288,1.1663138620292297,2,1
1.1890317108458275,-0.07158125302478652,2,1
2.314111041066418,0.6666176792152203,2,1
-1.6292776798273574,-2.1044251665128106,1,1
-0.29745649057203727,0.5387336399491861,1,0
2.7444058659552444,0.5968629192851358,2,1
-2.8522279913831983,1.6462321485149924,0,0
0.46045662867082576,0.17088516790452465,1,0
-0.8959924429326955,-1.6571385781024885,1,1
-1.2618251963638596,-1.506238681491886,1,0
-0.04632958481906152,-1.9108301531684708,3,0
0.8792061495743386,-1.781384503539831,3,1
-2.6862293209537307,1.7505726944603144,0,0
0.1771500231144097,-0.9398946552150163,3,1
0.47602516755902363,0.8841264281218537,1,0
-3.273793536354922,0.6299732512548323,0,0
0.37401103726573376,0.13026608540598045,1,1
0.05512182004556296,-1.6791777028520436,3,0
-0.8729317405495205,-1.8667015446482698,1,0
2.904918605043807,1.9828554081740455,2,0
-1.0794440222515944,-1.7515293477638905,1,1
-0.32000815486780076,-0.09332905295843791,1,0
-2.97907687012045,1.7008127747888238,0,0
3.268375471424064,1.298216268629289,2,0
-0.5616642655598997,0.10260232748705173,1,0
0.5774423216975166,-0.9654129775992666,3,0
-0.31237155516164006,-2.1874140138384845,3,1
0.6748825615404641,0.3761583863838665,1,0
0.6280766606146799,-1.3191948577708135,3,1
2.8536261206530673,2.171515845371274,2,0
3.4313440024692454,1.512987118294611,2,0
0.614221782128866,-1.6559131038673647,3,0
-0.14235144452110177,-2.2879010007690868,3,1
-0.2976089506097082,-0.34032523400353965,1,0
0.1710611067134058,-2.049377544880417,3,1
-1.5369844176662566,2.3928386362003904,0,1
2.7866455417847447,1.3960173604746509,2,0
-2.602624739272781,0.46658853032643516,0,0
-2.9689745536239625,1.3772396786623902,0,0
-3.204412732780282,0.7183278786204419,0,0
0.3437860120770488,-1.123357056413022,3,0
0.4673218032084247,0.08820308293757806,1,1
0.6857539807416442,-0.9285236715134442,3,0
-1.269504503986419,-2.332589727893401,1,0
0.06310919277018942,0.44955995298211615,1,0
-0.10136597040791927,-1.8705166153118962,3,1
-1.873343501225495,3.0629815124293573,0,0
0.09771684629033078,-1.7841479513651957,3,1
0.8019626711508752,-0.31952197561130535,3,1
0.7983243052177542,-1.881574478418407,3,1
1.9953570985019773,1.0737282004404938,2,0
0.6966787099829401,-1.1290289138584506,3,0
-2.506851914620191,2.414621002844058,0,0
2.280163423661541,0.5970465918505885,2,0
-1.5409541615689388,3.020200149451182,0,0
-0.7768231658205702,-2.4840940634270146,3,0
0.42554978321187437,0.26314394975830097,1,0
3.7116677714742434,1.783200085046753,2,0
1.033212944351274,-0.9006098190294078,3,0
1.567419158574654,1.513293944588615,2,0
-1.8881126111427475,2.8378827167236587,0,0
0.649522147434676,0.8788155770721158,2,0
0.5013444345957188,-0.7132112916418061,3,0
0.662695444355961,-1.1605434356961506,3,0
-0.36933588828811126,-1.7347139013889683,3,0
2.154918414849792,1.526178712924409,2,0
2.186453013044639,1.031376262737056,2,0
1.5410194811996778,-0.5582592614362242,3,1
-1.2326814294263566,-1.3189711423243138,1,0
2.500574211647142,1.048183675063393,2,0
1.120811780723691,-0.40140154138214423,3,0
-2.155622292740698,2.6351494230162906,0,0
-0.4533732483280305,-0.7521538694009233,1,1
-3.0972697304348595,1.5119526184305159,0,0
0.44592944335380774,-0.6010154011030686,1,1
1.3100333882099773,-0.5175714092857066,3,0
-1.8537161228581707,1.852258193277733,0,0
0.3026268718313608,-1.6543398408160959,3,1
-0.22808943595860742,-1.590985078238549,3,0
-3.228255923363743,1.3888468271303367,0,0
2.204515600389472,0.33004235704094187,2,0
-2.00600464431262,2.885984835546493,0,0
1.9799730859435967,0.4594620891521635,2,0
0.8206037640758164,0.08044502059475095,2,0
0.841289657273415,-0.7370069690143439,3,0
-0.4243750551780805,-1.4103548464306903,1,0
-0.4922569027462054,-1.6225799693828995,3,0
-0.2681872590888811,-1.9954445727063066,3,0
0.5526073076805549,-0.9034716231987607,3,0
3.191527346160132,0.9667052433617624,2,0
0.5323727999990651,-0.8333084953104879,3,1
-0.5720834961046366,-0.7309187684418199,1,0
2.084644340133732,0.273508558227167,2,0
2.1890383928860344,0.7253135231978285,2,0
0.3371342240293011,-0.9260255709606791,3,1
0.9697784141179897,-0.9594352307445708,3,0
-0.494721473019256,-1.9713161504992602,3,1
0.8987009064439779,-1.4725364302443285,3,1
2.2500221632581794,0.9813604449531401,2,0
-1.9433100598986528,2.2751268344484896,0,0
0.978027646900514,-0.8919002864132515,3,0
1.6019715203318206,-0.5612731821695623,3,1
1.3175690023699507,0.5470483049284633,2,0
-2.6226860713507567,1.8213153781314741,0,0
-1.4364331835405852,2.697163555125278,0,0
1.4810792163338908,1.2970002295917737,2,0
1.5926791392832844,0.6364162071626673,2,0
-0.1471770478748707,-0.29500910891019916,1,0
-0.4955222798423973,-2.1156140132191554,3,0
1.1952072505669338,1.4079491198179368,2,0
2.0503255441003625,1.0087559207776393,2,0
2.590473475192106,1.0129404776679642,2,0
-1.7258820713828626,2.369445262033828,0,0
-2.8227035481506824,1.11463186492848,0,0
0.8540102176178785,-0.9393953219910574,3,1
3.166115010691637,1.0051844462011534,2,1
-2.6696884267851266,1.1783006403698142,0,0
-1.8102304665469982,2.3743119172586904,0,0
-0.4869946773928324,-1.8605552038282938,3,0
-1.6125905413845434,2.5575855268269327,0,0
1.4289030043416846,0.9996102583126888,2,0
1.649401468360575,-0.4468628212583269,2,1
0.21496248688818242,-2.042794347805783,3,1
-0.08670899568786727,-1.4736805799283281,3,0
2.473717144879157,2.251683945853758,2,0
-0.19036744786639576,-2.27207937786471,3,0
-0.03939967006010253,-1.355882893215457,3,1
2.1647188206849672,0.8511434212817814,2,1
2.7852210632972088,0.31613580225871896,2,0
0.8983860357497251,-0.6679522467397403,3,0
-0.9415384425161197,-2.3400082086389986,3,1
0.26682139423782825,-1.5688144564202922,3,0
-1.9228010903798378,2.077773489571836,0,0
-0.3800226738412228,-1.6766273758249357,3,1
-2.421258091628235,1.851019666656961,0,0
0.24576322495271608,-1.8998311811301882,3,0
-1.4530821806722212,3.1245269330992365,0,0
2.725774176851029,0.5514938594500892,2,0
0.7016306752075965,-1.0242636509449097,3,0
-2.327377097997471,2.0322717567357853,0,0
-0.7274193623739247,-2.599107536986658,3,1
-1.113281303712238,-1.7588000492142808,1,0
-0.5556986039514538,-1.8531023786064262,1,0
-3.209713635528454,0.4295305987355484,0,0
0.30709537164828715,-1.3540071386599286,3,1
-0.8019533291236565,-2.5099750633673743,3,1
-3.4166776966568624,0.5998560902666495,0,0
-1.587393020387446,-1.8610897287011972,1,0
-1.8171872642058011,2.3624205589976026,0,0
-0.1441470154905517,-2.320125920136916,3,1
-0.11668071314297558,-2.084610123649707,3,1
1.3477900652731767,1.4852343617242303,2,0
3.834532678695689,1.9669201110209578,2,0
1.109771366609622,1.68076596610976,2,0
2.169941818830117,1.0514867856091534,2,0
3.2153980134137505,0.6292816191069945,2,0
-1.9054428428903147,2.626061133544739,0,0
0.47357779542432016,-1.1464513355884935,3,0
0.017482105254930658,-2.023800267115803,3,1
2.9494011924770738,1.3823164875330654,2,0
0.42918475555813324,1.188380194956569,1,0
1.7474354829656504,-0.19865067520237856,2,0
1.2752661031473569,1.177957901316815,2,0
-2.8423735947389495,1.5556575771405645,0,0
0.028762100495165116,-0.3201608946747546,1,0
2.1310069616314937,1.1616475698653856,2,0
-3.102877513220046,1.080164874403965,0,0
-0.5861547681238651,-1.120447951221179,1,1
0.7746221361344203,-1.4101141708004006,3,0
0.8538786889118957,-0.9571474688995574,3,1
2.311364576401932,-0.0710538717228017,2,1
-2.5854071634057036,1.526706467463033,0,0
0.9519152361253354,0.7333426454200651,2,0
0.7794696580648655,-1.2417637811262225,3,0
-3.2960701235921674,0.4369498285449504,0,0
3.3039766689508143,1.5207473583408073,2,0
1.9138865486299712,1.6078988739118396,2,0
0.9283602898316516,-1.2808895470030044,3,1
1.9301455873628741,1.851000739241216,2,0
1.7209697189169793,1.412386281918174,2,0
-0.2999476000982325,0.7977467599546477,1,0
-3.0836288058024164,1.2231378846096383,0,0
0.3123450243551754,-2.321532853640072,3,1
0.2071192840399314,0.48643942250537375,1,0
-1.1665571138546802,-1.5901670171639275,1,1
-1.8303363261509797,2.4069218610516074,0,0
-0.8814676355680955,-0.741614329336971,1,0
1.9641670719864448,-0.4285565959264498,2,1
-2.915744839149322,1.3466616022797724,0,1
2.505077661314045,2.1227669107596525,2,0
2.0797354172129787,0.9172833862649066,2,0
-0.4297904289472385,-2.38019590132214,3,1
-2.686648194132163,1.8319990413653617,0,0
0.9524875854268775,-0.580604710882907,3,0
2.7556791848461604,0.32196641154919564,2,0
1.653827283103535,0.5785033521095224,2,0
0.711501151355945,0.39355069191582887,2,0
0.7050940757853958,-0.7018214445906503,3,1
-2.6639843865625843,0.8144532562461746,0,0
-0.4553956152662425,-1.8614937688715918,3,0
2.3761811794512986,1.8377104427933255,2,0
0.26467354179506375,-1.7651049591552923,3,1
-1.561905200278042,-1.7018137926273982,1,0
-0.7947324543043508,-1.5579067398961135,1,0
3.246429912915143,2.067405684117773,2,0
2.20675337682707,1.1674069756113106,2,0
-1.4943477515939037,3.13141843099441,0,0
0.41143788523782704,-1.7480722075909976,3,1
-0.636442871977592,-2.2212754213847683,3,0
2.189052904829996,-0.27437995251648173,2,0
3.556698992100233,1.6767139125949422,2,0
-0.935446892522914,-0.6720648792638675,1,0
-0.8163215806421384,-1.1552136869685337,1,0
1.2771078802421592,0.8290803553488391,2,0
1.6656269639168557,-0.6001404409528153,3,0
-0.288616774834049,-0.7954093029637401,1,0
0.6616406713192677,0.5391359803462672,1,0
-2.87342830792598,1.0730916434945426,0,0
-0.6230206794851674,-2.0959568025180015,3,1
-3.1937995317612153,1.5015722655712886,0,0
-2.1995731468637665,2.2869944204460033,0,0
-3.4249288011471957,0.6029259133130308,0,1
1.504906019436768,0.135648422462111,2,1
-0.16721008203360196,-1.4187691237024926,3,1
2.375238288197305,0.9251031063700644,2,0
1.0135524489015064,-1.1650279844478155,3,1
0.49360674177140357,-0.6099243319877661,3,0
3.2473691332996246,1.09334879013716,2,0
1.5018804942568516,-0.7010562212564402,3,0
3.5433563152814873,1.5617188708670409,2,0
-0.39811177953126364,-2.490605787028718,3,1
-1.341102679500231,-1.8146854137408648,1,0
-3.1487052917720972,0.9039031805854547,0,0
1.4478052521931024,-0.25340739046505356,2,0
2.4758565179364136,0.8589221659988215,2,0
2.57418839103679,0.10958063036563215,2,0
1.6718235689413594,-0.17161586767566106,2,0
-3.139184230055663,0.5485636515841682,0,0
0.03439713877178288,-0.7232280716616426,1,1
-2.163407331567761,2.601300106373672,0,0
0.8189666106513267,1.612352760457611,2,0
2.6213907218448935,0.3834516460486651,2,0
3.377023809780327,1.5203429718580517,2,0
-2.408699802486257,1.206958897259986,0,0
0.048651712960012444,-1.086179853614532,3,1
2.337919228089453,1.8574969500609004,2,0
-1.8663035659512726,2.1576719056107243,0,0
-0.10975047471685623,-1.3834899148768056,3,0
0.24958996073228967,-2.022400242470482,3,0
0.20359963638105283,-2.228488853709883,3,1
0.570240617598073,-1.6112033313348915,3,1
1.6317395607461878,1.1958699309171932,2,0
-3.2359146295478847,0.4080671844062495,0,1
2.788423485531159,1.6639680556552507,2,0
-0.3587715458478391,-1.666010349864431,3,1
0.831657866601299,-0.7960706075843285,3,0
-0.7002376820785268,-1.1644526437959206,1,0
-2.8607389670346337,1.8450225706000782,0,0
-3.3144986266934633,0.7361557553567286,0,0
1.5719396616469645,1.922263156899631,2,0
1.3368154409901372,-0.683701770533728,3,0
-1.5029598884134612,-1.4235751835663935,1,0
0.24613711817487932,-2.053826012371169,3,1
-0.041420692839268775,-1.868192555855326,3,0
2.8731752248072517,0.7689043311160584,2,1
2.0807048698235335,1.6280800460423415,2,0
0.742484718359526,-0.4869450923904982,3,0
-0.3467306404402952,-2.285670885914671,3,1
2.1770407231122797,1.6247343237062029,2,0
-3.415398224904012,0.60198088460266,0,0
-0.24000106212920522,-0.4372089208598301,1,0
1.1984479644485442,-0.6471153141913102,3,0
-0.4367278006105968,-2.377139829265941,3,1
-1.4780889333329605,-1.687512125594948,1,0
0.47276932339458483,-0.34564343550345755,3,0
-0.3588358827167891,-0.148625160013519,1,0
1.6086690887237767,-0.9575969677846217,3,1
-2.904499517719883,1.4833211170201426,0,0
1.6122099896266395,-0.024609516617611682,2,0
0.14469909783607804,-1.5976645630744712,3,0
3.5842192952952505,1.3664793524343821,2,1
-1.7474997055869055,-1.9378353815102731,1,1
1.3254251155438486,-0.6959663646975924,3,1
2.390755302812243,1.4327395935853917,2,0
1.8949109199793954,0.14927761795199204,2,0
-3.092329627507571,0.26333285638415427,0,0
-1.3793773903165174,-2.0650809928593192,1,1
0.7434592877102937,-0.8130640565250604,3,0
0.14646631134519417,-2.020541750669315,3,1
-0.733355225818108,-1.0889010027825063,1,1
0.9439341351873458,-1.0272195618963145,3,0
2.340332123493986,0.5303611454124098,2,0
-1.0041742812272052,-0.28921350145328517,1,0
0.43059965315974696,-2.042551509657345,3,1
2.988306642014227,1.3918974786780955,2,0
2.8184771159993263,1.769012726066843,2,0
-0.3612437293831864,-0.616169735304521,1,0
-0.02591152397252705,-0.5044157964713395,1,0
1.219761544288436,0.6619929267015361,2,0
-1.1675452717076684,-1.1619720285844408,1,1
3.880726929394671,2.172370368868288,2,0
-3.1630320574985,0.910244454058479,0,0
-2.3420697687964043,1.8266432864606514,0,0
-0.672971877493459,-0.6856084526863055,1,0
1.9967908867775368,0.576905250993621,2,0
-0.48530340245372233,-2.2208056949573685,3,0
-3.0138796007965962,1.6341939599899309,0,0
-0.6942359458137792,-0.40330284684270545,1,0
0.7823910268429879,0.37115011179239404,2,0
-0.2772043675593213,-1.5476601222389583,3,0
-2.582870782232861,1.996465462513671,0,0
-2.5179186079674207,1.5103869484108556,0,0
-0.05158411368121192,-1.8955341275004882,3,0
1.4540671998127792,-0.672794740429917,3,0
1.4087926495491336,0.6146642179210854,2,0
1.7713147592912883,1.7410992321881413,2,0
-1.017323906232806,-1.7499587009713908,1,1
-1.0291567192473206,-1.465219117078892,1,0
-0.5466575927001301,-2.243207745157558,3,0
1.203233258877654,1.1156760895360387,2,0
-2.7980132700473086,1.2586442765763906,0,0
3.3239159522039574,1.3007953593078514,2,0
0.6212315802985102,0.6078997291542139,1,0
-2.501020518735897,2.0538033246919074,0,0
0.182631277393065,-0.14420274220078,1,0
-0.8029654562937465,-0.5729846164221356,1,1
-3.2994712023058113,1.0754290286334778,0,1
0.4607044129817243,-1.2606142229748927,3,1
0.5080582937534299,-1.067633101214706,3,1
0.6708373006216342,-1.5707971246480816,3,1
1.3092365318994568,-1.4234275403124919,3,1
-2.540498540576841,2.1512138366695526,0,0
1.3264856401661678,1.2343621575360524,2,0
-0.45863658630391635,-0.9193902230784774,1,1
-0.9138822494654488,-0.7456354672909287,1,0
2.305821740681385,0.3540628839823278,2,0
-1.5144664925623594,2.6191295599485036,0,0
0.23106052819479866,-1.2568967570766902,3,1
-3.2313337514301606,1.4845376217538075,0,0
-0.30579373952989264,-2.2194773709529168,3,1
-1.1726355223907712,-1.844859374770459,1,0
0.30158044884965535,-0.49649002529261477,1,0
0.7195594255285229,-1.6966794837500745,3,1
-1.008152211888917,-1.8476893365604046,1,0
-2.104000903601028,2.3103616679788375,0,0
0.14955613286898584,-1.8816726204164855,3,1
3.543338453448619,2.346616707731588,2,0
0.6363307504817028,0.9609215812840184,2,0
0.29642163273552663,0.9218129984006838,1,0
1.1339233651732532,-1.1566253943516545,3,0
2.9378475199559797,0.25397967404448607,2,1
0.3704820650903275,-1.4791319505335496,3,0
-2.3963056928998268,2.3922543385427852,0,0
0.40460924610347454,-1.2654141761210458,3,1
0.2804695585154056,-1.6348019766116753,3,0
-0.5731236135950193,-0.6705655103618542,1,1
2.594048163586817,1.2532098089957193,2,0
-1.5530303654534743,-1.68245033263384,1,0
0.5752361604521985,0.14028824929299238,1,1
3.317598850252017,1.6074901013067397,2,0
-1.5241816434922275,-1.855351247663201,1,1
1.3044214845274398,-0.9556837391669226,3,1
-2.6634038533179285,1.7142949723965735,0,0
-3.325069663485072,0.705622801568525,0,0
